MoldCutterID,CutterID,MoldDesignID,MoldID,DateEntry,MoldCutterNotes
255,175,3232,2875,05-Aug-24,YCM-038B
270,176,1683,2050,05-Aug-24,
234,177,2212,1920,05-Aug-24,
320,179,660,284,05-Aug-24,
268,180,1470,1959,05-Aug-24,字有
269,180,1471,3343,05-Aug-24,
325,181,1071,1026,05-Aug-24,
264,185,1788,2129,05-Aug-24,
252,186,1795,3326,05-Aug-24,
246,187,3490,2115,05-Aug-24,
250,188,1914,2513,05-Aug-24,
238,189,3096,2166,05-Aug-24,
366,190,1325,1287,08-Aug-24,ノート
274,190,3319,1964,05-Aug-24,
287,191,2026,2506,05-Aug-24,
228,192,873,3076,05-Aug-24,
344,193,643,3418,05-Aug-24,
345,193,647,3419,05-Aug-24,
249,194,3119,1746,05-Aug-24,
248,195,298,1824,05-Aug-24,
272,196,3274,120,05-Aug-24,
259,197,2128,3333,05-Aug-24,
286,198,3464,1266,05-Aug-24,
305,199,1249,2777,05-Aug-24,
251,200,1811,3325,05-Aug-24,
267,201,1816,1952,05-Aug-24,
291,202,978,2163,05-Aug-24,
292,203,977,2162,05-Aug-24,
265,204,681,1948,05-Aug-24,
290,205,677,413,05-Aug-24,
289,205,725,403,05-Aug-24,
304,206,270,461,05-Aug-24,
303,206,271,611,05-Aug-24,
301,207,268,610,05-Aug-24,
302,207,269,612,05-Aug-24,
306,208,3251,97,05-Aug-24,
318,209,3256,94,05-Aug-24,
229,210,2209,1875,05-Aug-24,
230,210,2210,1925,05-Aug-24,
315,211,1264,2756,05-Aug-24,
316,211,1265,2775,05-Aug-24,
312,211,1266,2736,05-Aug-24,
313,211,1267,2735,05-Aug-24,
283,212,1224,2751,05-Aug-24,
284,212,1225,2764,05-Aug-24,
285,212,1228,2773,05-Aug-24,
197,213,1186,3271,05-Aug-24,
728,213,1198,3785,16-Aug-24,
729,213,1210,3786,16-Aug-24,
730,213,1211,2787,16-Aug-24,
1399,213,1214,2806,11-Sep-24,
198,213,1233,2779,05-Aug-24,
199,213,1237,2771,05-Aug-24,
1546,213,1261,,09-Oct-24,
1547,213,1262,,09-Oct-24,
200,213,1273,2762,05-Aug-24,
293,214,924,2681,05-Aug-24,
294,214,933,2679,05-Aug-24,
273,215,1920,2225,05-Aug-24,
253,216,3304,3327,05-Aug-24,
254,216,3305,3328,05-Aug-24,
235,217,560,958,05-Aug-24,
275,218,1325,1287,05-Aug-24,
323,219,1923,144,05-Aug-24,
899,219,1924,147,16-Aug-24,
347,220,1476,770,05-Aug-24,
348,220,1477,794,05-Aug-24,
159,221,2091,3233,05-Aug-24,
158,222,1341,1314,05-Aug-24,
157,223,2909,3231,05-Aug-24,
156,224,439,551,05-Aug-24,
155,225,1425,799,05-Aug-24,
152,226,3441,1254,05-Aug-24,
153,226,3442,1250,05-Aug-24,
154,226,3446,1256,05-Aug-24,
151,227,3011,3225,05-Aug-24,
149,228,701,2464,05-Aug-24,
148,228,2053,3222,05-Aug-24,
150,228,2420,3224,05-Aug-24,
147,229,41,347,05-Aug-24,
146,230,151,578,05-Aug-24,
145,230,154,572,05-Aug-24,
144,231,3106,3218,05-Aug-24,
143,232,1952,3217,05-Aug-24,SDSJ001
910,232,1954,250,16-Aug-24,
142,234,1073,3216,05-Aug-24,
721,234,1093,3779,16-Aug-24,
141,235,3482,111,05-Aug-24,
139,236,1423,3213,05-Aug-24,
138,236,1424,3212,05-Aug-24,
140,236,1429,3214,05-Aug-24,
137,237,1082,3211,05-Aug-24,
136,238,3006,2176,05-Aug-24,
135,239,1632,936,05-Aug-24,
134,240,541,1077,05-Aug-24,
133,241,3176,38,05-Aug-24,
131,242,1489,3205,05-Aug-24,
132,242,1490,3206,05-Aug-24,
130,243,1872,3204,05-Aug-24,
129,245,55,343,05-Aug-24,
126,246,1159,3200,05-Aug-24,
127,247,1159,3200,05-Aug-24,
128,248,1159,3200,05-Aug-24,
125,249,1422,801,05-Aug-24,
124,250,1313,1292,05-Aug-24,
160,251,2286,1554,05-Aug-24,
161,251,2287,3235,05-Aug-24,
162,252,2052,3236,05-Aug-24,
163,253,1895,3237,05-Aug-24,
164,254,2284,3238,05-Aug-24,
166,254,2285,1831,05-Aug-24,
167,255,2284,3238,05-Aug-24,
168,255,2285,1831,05-Aug-24,
169,256,612,329,05-Aug-24,
170,257,1493,758,05-Aug-24,
171,258,48,440,05-Aug-24,
172,258,49,3246,05-Aug-24,
360,258,2914,2026,08-Aug-24,
173,259,3169,19,05-Aug-24,
174,262,225,3248,05-Aug-24,
176,263,3012,3250,05-Aug-24,
175,263,3013,2878,05-Aug-24,
177,264,1942,220,05-Aug-24,
178,265,1412,2510,05-Aug-24,
179,266,3317,117,05-Aug-24,
180,266,3318,3254,05-Aug-24,
181,266,3320,118,05-Aug-24,
182,267,2322,692,05-Aug-24,
183,267,2323,655,05-Aug-24,
184,267,2324,656,05-Aug-24,
185,268,2179,3259,05-Aug-24,
186,269,3224,1941,05-Aug-24,
187,270,2551,3261,05-Aug-24,
188,271,2550,3262,05-Aug-24,
189,272,1463,3263,05-Aug-24,
190,273,1465,798,05-Aug-24,
191,274,1466,800,05-Aug-24,
192,275,1467,3266,05-Aug-24,
193,276,3223,92,05-Aug-24,
194,278,607,3268,05-Aug-24,
195,279,608,3269,05-Aug-24,
196,280,3046,3270,05-Aug-24,
280,281,2010,3354,05-Aug-24,
201,282,507,3275,05-Aug-24,
22,283,47,1338,05-Aug-24,
21,284,1475,3097,05-Aug-24,
20,284,1478,3096,05-Aug-24,
17,285,1172,3093,05-Aug-24,
16,285,1173,2784,05-Aug-24,
18,285,1181,1763,05-Aug-24,
15,286,1411,859,05-Aug-24,MTD001？
13,287,1762,3089,05-Aug-24,ODS-033？
12,288,1796,892,05-Aug-24,
11,289,2528,2442,05-Aug-24,
10,290,2527,2436,05-Aug-24,
9,291,2111,3085,05-Aug-24,
319,292,3110,647,05-Aug-24,
8,293,1960,2130,05-Aug-24,
6,294,2175,1499,05-Aug-24,
5,295,482,2666,05-Aug-24,
340,296,3076,3414,05-Aug-24,
339,297,3213,1326,05-Aug-24,
338,298,1403,2925,05-Aug-24,
337,299,146,569,05-Aug-24,
336,300,1556,3410,05-Aug-24,
335,301,481,2881,05-Aug-24,
334,303,601,3408,05-Aug-24,
333,304,1525,766,05-Aug-24,MZT-112新
332,305,2508,2401,05-Aug-24,
327,306,1131,3401,05-Aug-24,
328,306,1132,3402,05-Aug-24,
329,306,1133,3403,05-Aug-24,
330,306,1134,3404,05-Aug-24,
331,306,1135,3405,05-Aug-24,
324,307,3489,3398,05-Aug-24,
23,308,3052,1237,05-Aug-24,
24,309,1950,1105,05-Aug-24,
25,310,863,2167,05-Aug-24,
670,310,864,3731,16-Aug-24,
26,311,2320,714,05-Aug-24,
27,312,1479,3103,05-Aug-24,
29,313,1474,3105,05-Aug-24,
28,313,1480,3104,05-Aug-24,
30,314,2172,1498,05-Aug-24,
34,315,1137,3110,05-Aug-24,
35,315,2992,2075,05-Aug-24,
36,317,2175,1499,05-Aug-24,
37,318,1482,3113,05-Aug-24,
52,318,1485,3128,05-Aug-24,
38,319,1867,3114,05-Aug-24,
1064,319,2424,159,16-Aug-24,
2909,320,488,,12-Jul-25,
40,321,3109,2072,05-Aug-24,
41,322,1562,1513,05-Aug-24,
42,323,1589,917,05-Aug-24,
43,323,1590,926,05-Aug-24,
44,324,3481,122,05-Aug-24,
45,325,251,593,05-Aug-24,
46,326,1715,3122,05-Aug-24,
47,327,887,1582,05-Aug-24,
48,328,1144,3124,05-Aug-24,
49,329,1145,3125,05-Aug-24,
50,330,1563,1535,05-Aug-24,
51,331,3054,1230,05-Aug-24,
54,332,1486,3129,05-Aug-24,
55,333,1868,3130,05-Aug-24,
56,334,2503,3131,05-Aug-24,
57,335,3004,648,05-Aug-24,
260,336,670,2465,05-Aug-24,JAE-117B
261,336,675,3335,05-Aug-24,
300,337,107,3374,05-Aug-24,
308,338,403,1929,05-Aug-24,NOなしの箱の中
309,338,404,1928,05-Aug-24,NOなしの箱の中
310,338,405,1930,05-Aug-24,NOなしの箱の中
311,338,406,1931,05-Aug-24,NOなしの箱の中
307,338,3154,1916,05-Aug-24,
256,339,1432,802,05-Aug-24,
560,340,402,1987,16-Aug-24,
241,341,3193,64,05-Aug-24,
317,342,2142,699,05-Aug-24,
262,343,667,1960,05-Aug-24,
263,343,668,2214,05-Aug-24,
242,344,2313,1844,05-Aug-24,
288,345,3286,136,05-Aug-24,
266,346,2298,1954,05-Aug-24,
279,347,3217,3353,05-Aug-24,
277,348,3287,1900,05-Aug-24,
278,348,3289,1898,05-Aug-24,
1535,348,3290,3440,18-Sep-24,
233,349,82,1130,05-Aug-24,ADY-090?
239,350,421,3313,05-Aug-24,
240,350,422,3314,05-Aug-24,
225,351,74,2509,05-Aug-24,
226,352,2054,3300,05-Aug-24,
243,353,1016,2142,05-Aug-24,
341,354,292,3415,05-Aug-24,
342,354,293,3416,05-Aug-24,
271,355,104,4206,05-Aug-24,
282,356,2279,1976,05-Aug-24,
349,357,650,3423,05-Aug-24,
346,357,651,3420,05-Aug-24,
343,358,627,3417,05-Aug-24,
227,359,2208,2155,05-Aug-24,
244,360,1918,2097,05-Aug-24,
245,360,1919,1915,05-Aug-24,
237,361,655,3311,05-Aug-24,
236,362,1416,3310,05-Aug-24,
792,362,1460,3843,16-Aug-24,
231,363,2211,1923,05-Aug-24,
232,364,2839,3053,05-Aug-24,
321,365,3117,603,05-Aug-24,
86,366,1682,3023,05-Aug-24,
14,367,550,1066,05-Aug-24,
214,368,1197,3288,05-Aug-24,
215,368,1229,2800,05-Aug-24,
258,369,401,3332,05-Aug-24,
257,370,979,3331,05-Aug-24,
558,371,297,3625,16-Aug-24,
223,372,862,1085,05-Aug-24,
224,373,3314,2188,08-Aug-24,
221,374,2180,2499,05-Aug-24,
222,374,2181,3296,05-Aug-24,
296,375,3242,3370,05-Aug-24,
218,376,66,1873,05-Aug-24,ADY-078T?
217,377,63,3291,05-Aug-24,
105,378,2427,2385,05-Aug-24,
213,379,1635,1876,05-Aug-24,
211,380,617,1853,05-Aug-24,
212,380,618,1854,05-Aug-24,
210,381,3047,1943,05-Aug-24,
276,382,402,1987,05-Aug-24,
209,382,1582,935,05-Aug-24,
208,383,266,1352,05-Aug-24,
207,384,1318,1284,05-Aug-24,
914,385,1964,2175,16-Aug-24,PP
204,386,1426,3278,05-Aug-24,
205,386,1428,3279,05-Aug-24,
202,387,176,653,05-Aug-24,
203,387,177,644,05-Aug-24,
281,388,2010,3354,05-Aug-24,
326,389,1866,3400,05-Aug-24,
101,390,1311,3175,05-Aug-24,
99,391,1140,3173,05-Aug-24,
100,391,1141,3174,05-Aug-24,
98,392,2536,1475,05-Aug-24,
95,393,57,1348,05-Aug-24,
96,393,58,3170,05-Aug-24,
97,393,59,3171,05-Aug-24,
94,394,151,578,05-Aug-24,
355,394,2424,159,07-Aug-24,
91,395,51,350,05-Aug-24,
92,395,52,3166,05-Aug-24,
93,395,71,1359,05-Aug-24,
89,396,3439,1260,05-Aug-24,
90,396,3440,1271,05-Aug-24,
295,397,1684,2189,05-Aug-24,
85,398,891,3160,05-Aug-24,
84,399,541,1077,05-Aug-24,
82,400,429,505,05-Aug-24,
83,400,430,506,05-Aug-24,
81,401,896,2692,05-Aug-24,
80,401,1310,1297,05-Aug-24,
79,402,1870,3154,05-Aug-24,
78,403,1148,3153,05-Aug-24,
77,404,892,3152,05-Aug-24,
76,405,3010,3151,05-Aug-24,
75,406,1086,1540,05-Aug-24,
74,407,3436,1662,05-Aug-24,
73,408,1570,1514,05-Aug-24,
72,409,1567,1531,05-Aug-24,
71,410,1869,3146,05-Aug-24,
1362,411,1416,3310,11-Sep-24,
69,412,3214,1324,05-Aug-24,
31,412,3307,2168,05-Aug-24,PS
32,412,3309,2139,05-Aug-24,PET
67,412,3310,2140,05-Aug-24,PET
68,412,3311,2054,05-Aug-24,
430,413,3214,1324,09-Aug-24,
431,413,3216,2388,09-Aug-24,
66,413,3247,65,05-Aug-24,
64,414,2303,1301,05-Aug-24,
63,415,1414,2099,05-Aug-24,
62,416,1469,852,05-Aug-24,
61,417,3007,3136,05-Aug-24,
60,418,1083,3135,05-Aug-24,
59,420,3171,3134,05-Aug-24,
58,421,3435,1244,05-Aug-24,
102,422,1088,1521,05-Aug-24,
103,423,2019,2172,05-Aug-24,
104,424,1151,3178,05-Aug-24,
106,425,1150,3180,05-Aug-24,
108,426,3437,1671,05-Aug-24,
107,426,3438,1252,05-Aug-24,
109,426,3447,1249,05-Aug-24,
110,427,1089,1537,05-Aug-24,
299,428,1924,147,05-Aug-24,
297,428,1925,141,05-Aug-24,
298,428,1926,140,05-Aug-24,
112,429,542,1981,05-Aug-24,
113,430,1346,899,05-Aug-24,
114,431,982,2500,05-Aug-24,
116,432,1139,3190,05-Aug-24,
115,432,1142,3189,05-Aug-24,
117,433,229,2150,05-Aug-24,
120,434,2113,3194,05-Aug-24,
118,434,2114,3192,05-Aug-24,
119,434,2116,3193,05-Aug-24,
984,434,2121,3196,16-Aug-24,
121,435,2115,3195,05-Aug-24,
122,435,2121,3196,05-Aug-24,
123,436,3221,3197,05-Aug-24,
351,438,1861,3425,05-Aug-24,
111,439,1326,3185,05-Aug-24,
322,440,241,545,05-Aug-24,
350,442,693,3065,05-Aug-24,
247,443,257,3321,05-Aug-24,
216,444,1871,3290,05-Aug-24,
354,445,1138,3427,07-Aug-24,
436,445,1143,3509,09-Aug-24,ノート
220,445,1280,3294,05-Aug-24,
353,450,3103,3426,07-Aug-24,
463,452,33,346,16-Aug-24,
467,453,33,346,16-Aug-24,
613,454,569,995,16-Aug-24,
614,455,570,1037,16-Aug-24,
615,455,571,998,16-Aug-24,
1062,456,2532,2371,16-Aug-24,
2781,457,3424,,28-Jan-25,
2779,458,3425,,28-Jan-25,
2780,458,3426,,28-Jan-25,
751,459,1107,1749,16-Aug-24,
752,459,1108,2527,16-Aug-24,
2772,460,1109,,28-Jan-25,
2773,460,1112,,28-Jan-25,
2774,460,1113,,28-Jan-25,
2775,460,1114,,28-Jan-25,
2776,460,1115,,28-Jan-25,
2777,460,1116,,28-Jan-25,
2778,460,1117,,28-Jan-25,
731,461,1109,2545,16-Aug-24,左
2766,461,1112,,28-Jan-25,
2767,461,1113,,28-Jan-25,
2768,461,1114,,28-Jan-25,
2769,461,1115,,28-Jan-25,
2770,461,1116,,28-Jan-25,
2771,461,1117,,28-Jan-25,
732,461,1119,3789,16-Aug-24,
824,462,1624,924,16-Aug-24,
889,463,1852,3938,16-Aug-24,
585,464,520,607,16-Aug-24,
586,465,518,3650,16-Aug-24,
1361,466,3099,4292,11-Sep-24,
539,467,282,2480,16-Aug-24,
540,467,2163,1768,16-Aug-24,
2765,468,4324,,28-Jan-25,
1089,469,2896,1407,16-Aug-24,
1106,470,2415,1381,16-Aug-24,
1105,470,2745,1433,16-Aug-24,
2764,470,2799,,28-Jan-25,
1096,471,2533,2443,16-Aug-24,
1063,473,2531,2383,16-Aug-24,
1055,474,2524,4102,16-Aug-24,
1100,475,2525,2453,16-Aug-24,
1101,476,2526,2438,16-Aug-24,
1102,477,2530,2439,16-Aug-24,
2625,478,2535,,24-Jan-25,
1371,485,3411,2603,11-Sep-24,
508,486,160,633,16-Aug-24,
1092,490,2428,4135,16-Aug-24,
1093,490,2944,4138,16-Aug-24,
356,491,1304,3429,07-Aug-24,
357,491,1307,2497,07-Aug-24,
358,491,1308,2108,07-Aug-24,
359,491,3432,1664,07-Aug-24,
795,492,1420,3842,16-Aug-24,
767,493,1312,1289,16-Aug-24,
1538,493,1314,1291,20-Sep-24,
1536,493,1315,1286,20-Sep-24,
1537,493,1316,1285,20-Sep-24,
712,494,982,2500,16-Aug-24,KKC002新ん
789,495,1421,3840,16-Aug-24,
818,497,1595,2928,16-Aug-24,
756,498,1159,3200,16-Aug-24,
569,499,418,740,16-Aug-24,
1071,500,2755,2282,16-Aug-24,
623,502,595,2726,16-Aug-24,
1365,503,3413,2578,11-Sep-24,
1364,503,3419,2561,11-Sep-24,
1366,503,3550,4293,11-Sep-24,
1084,505,2898,2030,16-Aug-24,
1085,505,2948,2011,16-Aug-24,
473,509,44,3544,16-Aug-24,
951,510,2070,3999,16-Aug-24,
1031,515,2300,4078,16-Aug-24,
365,522,1222,2812,08-Aug-24,
362,522,1223,2786,08-Aug-24,
363,522,1226,2785,08-Aug-24,
364,522,1227,2763,08-Aug-24,
958,523,2076,796,16-Aug-24,
959,523,2080,4007,16-Aug-24,
2800,523,4329,,28-Jan-25,
695,525,959,1874,16-Aug-24,
696,526,960,1838,16-Aug-24,
1151,527,3046,3270,16-Aug-24,
830,530,1637,2116,16-Aug-24,
831,530,1639,2158,16-Aug-24,
832,530,1640,2159,16-Aug-24,
821,531,1598,928,16-Aug-24,NGS013AB
1032,532,2307,645,16-Aug-24,
1104,533,2866,4149,16-Aug-24,
744,534,1187,2747,16-Aug-24,KSP-105
745,534,1238,3801,16-Aug-24,
746,534,1239,2770,16-Aug-24,
749,534,1240,2811,16-Aug-24,
747,534,1244,2768,16-Aug-24,
748,534,1245,2769,16-Aug-24,
620,535,584,3682,16-Aug-24,
763,536,1319,1295,16-Aug-24,
764,536,1320,1294,16-Aug-24,
765,536,1323,3820,16-Aug-24,
766,537,1318,1284,16-Aug-24,
460,538,17,3531,16-Aug-24,
459,538,18,3530,16-Aug-24,
1136,539,2966,4178,16-Aug-24,
1134,540,2967,1837,16-Aug-24,
907,541,1948,2048,16-Aug-24,
1037,542,2309,1951,16-Aug-24,
772,543,1352,867,16-Aug-24,
1152,544,3048,4197,16-Aug-24,
878,545,1807,1683,16-Aug-24,
629,546,614,299,16-Aug-24,
630,546,615,2988,16-Aug-24,
485,547,65,3068,16-Aug-24,
861,548,1767,3910,16-Aug-24,
1030,549,2299,2937,16-Aug-24,
669,550,861,1084,16-Aug-24,
2795,551,2277,,28-Jan-25,
2796,552,2276,,28-Jan-25,
1027,552,2277,1092,16-Aug-24,
534,553,259,1945,16-Aug-24,
495,554,97,2968,16-Aug-24,
1859,554,1363,,09-Dec-24,
820,555,1597,1101,16-Aug-24,
1072,556,2865,4118,16-Aug-24,
1073,556,2868,4119,16-Aug-24,R3
574,557,508,663,16-Aug-24,
575,557,509,3640,16-Aug-24,
578,557,512,672,16-Aug-24,
579,557,513,560,16-Aug-24,
580,557,514,559,16-Aug-24,
895,558,1899,587,16-Aug-24,
893,558,1900,589,16-Aug-24,
894,558,1902,590,16-Aug-24,
877,559,1808,829,16-Aug-24,
544,560,292,3415,16-Aug-24,
545,560,293,3416,16-Aug-24,
827,561,1643,2144,16-Aug-24,
828,561,1644,916,16-Aug-24,
829,561,1645,2156,16-Aug-24,
956,562,2079,4004,16-Aug-24,
957,562,2088,4005,16-Aug-24,
546,563,294,695,16-Aug-24,
950,564,2057,3998,16-Aug-24,
626,566,606,2087,16-Aug-24,
627,566,897,3689,16-Aug-24,
1034,567,2310,4081,16-Aug-24,
1036,567,2315,1963,16-Aug-24,
1035,567,2316,4080,16-Aug-24,
1095,568,2715,4140,16-Aug-24,
1094,568,2840,2231,16-Aug-24,
1372,570,3157,3038,11-Sep-24,
486,571,85,2123,16-Aug-24,
2788,572,1069,,28-Jan-25,
1033,573,2316,4080,16-Aug-24,SZT-007T
703,574,971,3761,16-Aug-24,
702,574,972,2971,16-Aug-24,KIK003Txxx
631,575,673,2462,16-Aug-24,
632,575,674,3694,16-Aug-24,
633,575,688,1864,16-Aug-24,
634,575,689,1870,16-Aug-24,
635,575,694,1867,16-Aug-24,
636,575,695,1868,16-Aug-24,
637,575,696,1869,16-Aug-24,
638,575,697,1866,16-Aug-24,
494,578,89,2122,16-Aug-24,ADY-099B
493,578,90,2121,16-Aug-24,ADY-099T
1114,579,2511,3049,16-Aug-24,
704,580,969,3762,16-Aug-24,
1544,580,3596,,30-Sep-24,
707,581,970,3765,16-Aug-24,
706,581,972,2971,16-Aug-24,
985,583,2127,3033,16-Aug-24,
1039,584,2352,2090,16-Aug-24,
496,586,132,582,16-Aug-24,ALP-001
497,586,3238,1803,16-Aug-24,
487,588,90,2121,16-Aug-24,ADY-099TB
640,589,683,2993,16-Aug-24,
697,590,965,2211,16-Aug-24,
880,591,1836,1820,16-Aug-24,
554,592,309,3621,16-Aug-24,
701,593,975,3759,16-Aug-24,
983,594,2132,4031,16-Aug-24,
709,596,974,3767,16-Aug-24,
369,597,702,364,08-Aug-24,JAE-169
370,597,706,367,08-Aug-24,
371,597,744,3443,08-Aug-24,2021.6.19　茨城工場　491ｘ341
372,597,750,1956,08-Aug-24,
373,597,752,1957,08-Aug-24,
374,597,753,1949,08-Aug-24,
375,597,754,1958,08-Aug-24,
926,598,2009,3975,16-Aug-24,
891,599,1890,455,16-Aug-24,
927,600,2008,226,16-Aug-24,
918,601,2012,3967,16-Aug-24,
922,602,2011,3971,16-Aug-24,
885,604,1837,2207,16-Aug-24,
998,605,2190,2062,16-Aug-24,
999,605,2191,2063,16-Aug-24,
700,606,977,2162,16-Aug-24,
699,606,978,2163,16-Aug-24,
641,610,718,430,16-Aug-24,
642,610,719,3703,16-Aug-24,
644,612,682,2992,16-Aug-24,
1011,613,2249,2457,16-Aug-24,
900,614,1922,145,16-Aug-24,
2718,615,3199,,28-Jan-25,
2719,615,3200,,28-Jan-25,
788,616,1435,3839,16-Aug-24,
548,617,301,734,16-Aug-24,
549,617,307,1862,16-Aug-24,
550,617,308,1861,16-Aug-24,
551,617,341,1863,16-Aug-24,
681,618,925,2684,16-Aug-24,
682,618,926,2702,16-Aug-24,
683,618,929,2695,16-Aug-24,
684,618,930,2699,16-Aug-24,
685,618,932,2678,16-Aug-24,
1069,619,2686,4115,16-Aug-24,
1070,619,2687,4116,16-Aug-24,
1120,620,2853,4165,16-Aug-24,
1373,621,3199,3041,11-Sep-24,
1002,622,2197,1807,16-Aug-24,PS
2442,622,4270,,22-Jan-25,PS
1004,623,2197,1807,16-Aug-24,PP
1005,623,2205,4052,16-Aug-24,PP
2440,623,2207,,22-Jan-25,PP
2438,623,4270,,22-Jan-25,PP
2439,623,4271,,22-Jan-25,PP
446,624,1491,3517,15-Aug-24,
447,624,1492,754,15-Aug-24,
1380,625,1861,3425,11-Sep-24,
1066,626,2810,2241,16-Aug-24,
710,628,980,3768,16-Aug-24,
2902,629,2201,,12-Jul-25,PS
1008,630,2202,1808,16-Aug-24,PS
1009,631,2202,1808,16-Aug-24,PP
376,632,2201,3448,08-Aug-24,
377,632,2206,1809,08-Aug-24,
769,633,1338,2408,16-Aug-24,
770,633,1339,3825,16-Aug-24,
1000,634,2194,4047,16-Aug-24,
561,635,409,1855,16-Aug-24,
563,635,410,1859,16-Aug-24,
564,635,411,2900,16-Aug-24,
565,635,412,1827,16-Aug-24,
2433,635,413,,22-Jan-25,
2434,635,414,,22-Jan-25,
621,636,588,993,16-Aug-24,
1042,637,2363,3036,16-Aug-24,
1024,638,2250,195,16-Aug-24,
1025,638,2251,198,16-Aug-24,
378,639,2914,2026,08-Aug-24,
759,640,1292,1094,16-Aug-24,
713,641,988,3013,16-Aug-24,
760,642,1291,1093,16-Aug-24,
2430,642,1292,,22-Jan-25,
1375,644,3128,37,11-Sep-24,
797,645,1523,3847,16-Aug-24,
379,646,1437,3451,08-Aug-24,ｘ2
622,647,588,993,16-Aug-24,
1017,648,2256,2458,16-Aug-24,
802,649,1540,3018,16-Aug-24,
646,650,783,389,16-Aug-24,
1113,651,2735,3050,16-Aug-24,
553,652,381,457,16-Aug-24,
791,653,1420,3842,16-Aug-24,
647,656,791,1985,16-Aug-24,
535,657,273,2042,16-Aug-24,
381,659,97,2968,08-Aug-24,1Fシャッター
380,659,1363,811,08-Aug-24,
383,660,2718,1816,08-Aug-24,
384,660,2719,3456,08-Aug-24,
385,660,2720,1917,08-Aug-24,
386,660,2721,1892,08-Aug-24,
387,660,2770,1841,08-Aug-24,
388,660,2771,3460,08-Aug-24,
389,660,2772,1843,08-Aug-24,
390,660,2773,2206,08-Aug-24,
382,660,2807,3454,08-Aug-24,
392,661,2433,2887,08-Aug-24,
393,661,2434,2432,08-Aug-24,
394,661,2435,2433,08-Aug-24,
391,661,2511,3049,08-Aug-24,
395,661,2774,2267,08-Aug-24,
397,661,2950,2893,08-Aug-24,
398,661,2951,2890,08-Aug-24,
399,661,2952,2888,08-Aug-24,
396,661,2953,3468,08-Aug-24,
1059,662,2722,1825,16-Aug-24,
400,663,628,3472,08-Aug-24,
404,663,659,301,08-Aug-24,JAE-083ー＞JAE-026
401,663,666,323,08-Aug-24,JAE-112ー＞No631　JAE-026カッター270ｘ270
403,664,653,297,08-Aug-24,JAE-070　ー＞　JAE-212（高刃カッター）
402,664,741,368,08-Aug-24,
405,667,2436,2224,08-Aug-24,
406,667,2714,3478,08-Aug-24,
407,667,3149,1940,08-Aug-24,
816,669,1578,3866,16-Aug-24,
916,670,2015,1901,16-Aug-24,
917,671,2016,1902,16-Aug-24,
570,672,419,3635,16-Aug-24,
413,674,740,1889,08-Aug-24,
409,674,2718,1816,08-Aug-24,
410,674,2719,3456,08-Aug-24,
408,674,2722,1825,08-Aug-24,
411,674,2770,1841,08-Aug-24,
412,674,2771,3460,08-Aug-24,
886,675,1840,2210,16-Aug-24,
2429,677,3127,,22-Jan-25,
1057,678,2554,4104,16-Aug-24,
1053,679,2471,2732,16-Aug-24,
1041,680,2354,1300,16-Aug-24,
1122,682,2776,1896,16-Aug-24,フィルム
1121,683,2776,1896,16-Aug-24,
1051,684,2552,4098,16-Aug-24,
1048,685,2553,4095,16-Aug-24,
814,686,1498,1899,16-Aug-24,
815,686,1499,3863,16-Aug-24,
803,687,1500,1891,16-Aug-24,
809,688,1501,756,16-Aug-24,
810,689,1509,773,16-Aug-24,
813,690,1499,3863,16-Aug-24,
800,692,1473,3850,16-Aug-24,
807,693,1515,1819,16-Aug-24,
801,694,1516,1805,16-Aug-24,
567,695,407,2917,16-Aug-24,XX
787,698,1433,3838,16-Aug-24,
796,699,1434,3846,16-Aug-24,
1050,700,2680,2959,16-Aug-24,
576,703,488,3641,16-Aug-24,EXD-018
577,703,3110,647,16-Aug-24,
1076,704,2439,2425,16-Aug-24,
1077,704,2514,2413,16-Aug-24,
1078,704,2717,2316,16-Aug-24,
414,706,890,2724,08-Aug-24,
415,706,931,2674,08-Aug-24,
416,707,893,1574,08-Aug-24,
417,707,925,2684,08-Aug-24,
418,707,926,2702,08-Aug-24,
419,707,929,2695,08-Aug-24,
420,707,930,2699,08-Aug-24,
421,707,932,2678,08-Aug-24,インラインカッター変更
423,708,924,2681,08-Aug-24,高さ4ｃｍ　新しいプレスカッターある
422,708,933,2679,08-Aug-24,高さが合わないインラインカッターつかう
913,709,1961,2118,16-Aug-24,
1133,710,2966,4178,16-Aug-24,
1135,711,2967,1837,16-Aug-24,
1123,712,2776,1896,16-Aug-24,
424,713,2284,3238,08-Aug-24,
425,713,2285,1831,08-Aug-24,
426,713,2286,1554,08-Aug-24,
427,713,2287,3235,08-Aug-24,
953,714,2082,4001,16-Aug-24,
506,715,156,3577,16-Aug-24,
505,716,157,3576,16-Aug-24,
435,721,35,3508,09-Aug-24,
434,721,3412,2571,09-Aug-24,PP
516,724,190,3586,16-Aug-24,
1088,727,2537,2450,16-Aug-24,
1165,728,3412,2571,,PS
451,729,1861,3522,16-Aug-24,
527,733,228,3596,16-Aug-24,
537,734,333,474,16-Aug-24,
812,735,1473,3862,16-Aug-24,
429,736,2168,3502,09-Aug-24,
428,736,2169,3501,09-Aug-24,
804,737,1476,770,16-Aug-24,
1074,740,2695,4120,16-Aug-24,
1075,740,2696,4121,16-Aug-24,
805,741,1481,3855,16-Aug-24,
967,743,1383,897,16-Aug-24,
966,743,1384,1311,16-Aug-24,
965,743,2094,4013,16-Aug-24,
724,744,1077,1543,16-Aug-24,
725,744,1081,3783,16-Aug-24,
1156,745,3095,35,16-Aug-24,
890,746,1855,1735,16-Aug-24,
857,747,1756,2626,16-Aug-24,
531,748,242,550,16-Aug-24,
994,749,2165,1507,16-Aug-24,
806,750,1483,791,16-Aug-24,
912,751,1959,3961,16-Aug-24,
808,752,1484,3858,16-Aug-24,
858,753,1757,2629,16-Aug-24,
979,754,2107,4027,16-Aug-24,
786,755,1401,3837,16-Aug-24,
1079,756,2792,4125,16-Aug-24,
2632,757,2831,,24-Jan-25,
1080,757,2833,1402,16-Aug-24,6-142-9A
2631,758,2832,,24-Jan-25,
1081,758,2833,1402,16-Aug-24,6-142-9B
1112,759,2881,2489,16-Aug-24,
867,760,1761,2642,16-Aug-24,
528,761,239,544,16-Aug-24,
432,762,1129,3505,09-Aug-24,
433,762,1130,3506,09-Aug-24,
1143,763,2987,2077,16-Aug-24,
1144,763,2988,2078,16-Aug-24,
529,764,237,3598,16-Aug-24,
2630,765,135,,24-Jan-25,
723,767,1078,3781,16-Aug-24,
2624,768,526,,24-Jan-25,
1067,769,2588,2344,16-Aug-24,
1068,770,2523,1610,16-Aug-24,
501,771,140,579,16-Aug-24,
502,772,142,564,16-Aug-24,
503,772,145,574,16-Aug-24,
468,773,32,3539,16-Aug-24,
454,774,1861,3525,16-Aug-24,
2622,774,4291,,24-Jan-25,
2621,775,3511,,24-Jan-25,
825,777,1628,910,16-Aug-24,
833,778,1674,2624,16-Aug-24,
2619,779,3760,,24-Jan-25,
753,780,1120,1757,16-Aug-24,
754,780,1122,1753,16-Aug-24,
755,780,2986,2080,16-Aug-24,
1082,781,2879,1399,16-Aug-24,
1083,781,2880,1685,16-Aug-24,
469,782,34,3540,16-Aug-24,
2618,783,1072,,24-Jan-25,
722,783,1092,3780,16-Aug-24,
1381,784,3272,2183,11-Sep-24,
472,785,36,3543,16-Aug-24,
2617,785,4126,,24-Jan-25,
836,786,1675,2620,16-Aug-24,
1411,787,3111,4297,11-Sep-24,
819,788,1585,925,16-Aug-24,
1426,789,3104,1510,11-Sep-24,
843,790,1700,2525,16-Aug-24,
844,790,1701,3893,16-Aug-24,
860,791,1750,2640,16-Aug-24,
908,792,1949,3957,16-Aug-24,
888,793,1854,3937,16-Aug-24,
489,794,49,3246,16-Aug-24,
993,795,2163,1768,16-Aug-24,
2441,796,2644,,22-Jan-25,
437,796,2646,1151,09-Aug-24,ノート
1150,797,3015,744,16-Aug-24,
440,798,1036,3512,15-Aug-24,
439,798,1037,3511,15-Aug-24,
442,798,1039,3514,15-Aug-24,
441,798,1040,3513,15-Aug-24,
443,798,1044,3515,15-Aug-24,
444,798,1045,3516,15-Aug-24,
1040,799,2356,74,16-Aug-24,
448,801,1491,3517,15-Aug-24,
449,801,1492,754,15-Aug-24,
1038,807,2321,684,16-Aug-24,
1109,811,2683,2291,16-Aug-24,
1110,811,2685,4155,16-Aug-24,
1111,811,2818,4156,16-Aug-24,
975,814,2093,4023,16-Aug-24,
976,814,2095,4024,16-Aug-24,
977,814,3079,4025,16-Aug-24,
978,814,3080,42,16-Aug-24,
587,815,529,1074,16-Aug-24,
588,815,1388,872,16-Aug-24,PS
1142,816,609,4187,16-Aug-24,
2385,816,682,,21-Jan-25,
1141,816,1393,864,16-Aug-24,
1140,816,2067,743,16-Aug-24,
2397,816,2972,,21-Jan-25,
1138,816,3323,131,16-Aug-24,
2386,816,4260,,21-Jan-25,
686,817,889,2719,16-Aug-24,
687,817,895,2714,16-Aug-24,
2412,818,167,,21-Jan-25,
671,818,865,3732,16-Aug-24,
675,818,870,3736,16-Aug-24,
672,818,1033,2947,16-Aug-24,
674,818,2033,2801,16-Aug-24,
673,818,2971,3734,16-Aug-24,
2411,818,4268,,21-Jan-25,
1117,819,2559,4162,16-Aug-24,
1115,819,2730,4160,16-Aug-24,
1116,819,2731,4161,16-Aug-24,
648,820,682,2992,16-Aug-24,
649,820,773,390,16-Aug-24,
650,820,822,2869,16-Aug-24,
2449,820,833,,22-Jan-25,
651,820,834,273,16-Aug-24,
652,820,859,3058,16-Aug-24,
1018,821,2235,211,16-Aug-24,
1019,821,2239,160,16-Aug-24,
1021,821,2241,190,16-Aug-24,
2874,821,2248,,22-Mar-25,
1020,821,2252,189,16-Aug-24,
1022,821,2266,183,16-Aug-24,
1023,821,2269,200,16-Aug-24,
2875,821,4357,,22-Mar-25,
1153,822,3050,2926,16-Aug-24,
1154,822,3056,4199,16-Aug-24,
1125,823,2483,2403,16-Aug-24,
992,824,2158,4040,16-Aug-24,
1026,825,2240,197,16-Aug-24,
972,826,2098,4020,16-Aug-24,
971,826,2101,4019,16-Aug-24,
980,827,2099,4028,16-Aug-24,
981,827,2100,4029,16-Aug-24,
757,828,1288,3812,16-Aug-24,
964,829,113,629,16-Aug-24,
961,829,2081,1279,16-Aug-24,
962,829,2083,1282,16-Aug-24,
963,829,2086,4011,16-Aug-24,
566,830,399,464,16-Aug-24,
1012,831,2225,187,16-Aug-24,
1013,831,2232,185,16-Aug-24,
1014,831,2233,202,16-Aug-24,
1015,831,2235,211,16-Aug-24,
1016,831,2252,189,16-Aug-24,
906,832,1936,142,16-Aug-24,
1358,833,3324,130,11-Sep-24,
610,834,563,1089,16-Aug-24,
597,835,555,1044,16-Aug-24,
598,835,2104,3662,16-Aug-24,
602,835,2109,3665,16-Aug-24,
603,835,2110,3666,16-Aug-24,
601,835,2112,3664,16-Aug-24,
2402,835,2117,,21-Jan-25,
604,835,2119,3667,16-Aug-24,
2400,835,2129,,21-Jan-25,
2401,835,2137,,21-Jan-25,
2399,835,4263,,21-Jan-25,
736,836,1095,3793,16-Aug-24,
737,836,1096,3794,16-Aug-24,
909,837,1951,1097,16-Aug-24,
850,838,1720,1439,16-Aug-24,
853,838,1727,1428,16-Aug-24,
2452,839,915,,22-Jan-25,
2453,839,916,,22-Jan-25,
1363,840,3196,1016,11-Sep-24,
1357,841,1861,3425,11-Sep-24,
768,842,1336,844,16-Aug-24,
849,843,1729,938,16-Aug-24,
848,844,1730,966,16-Aug-24,
982,845,2103,4030,16-Aug-24,
2454,846,2149,,22-Jan-25,
678,847,886,2700,16-Aug-24,
590,848,532,3654,16-Aug-24,
740,849,1097,3796,16-Aug-24,
898,850,1912,588,16-Aug-24,
606,851,557,1046,16-Aug-24,
571,852,420,2010,16-Aug-24,
453,853,1861,3524,16-Aug-24,
2455,853,3494,,22-Jan-25,
863,854,1739,2628,16-Aug-24,
854,855,1685,2547,16-Aug-24,
855,855,1686,2548,16-Aug-24,
856,855,1691,3905,16-Aug-24,
859,856,1737,3908,16-Aug-24,
938,857,2043,3987,16-Aug-24,
1098,858,2416,2445,16-Aug-24,
1099,858,2418,1695,16-Aug-24,
987,859,2105,4035,16-Aug-24,
988,859,2120,4036,16-Aug-24,
952,860,2065,245,16-Aug-24,
954,860,2066,246,16-Aug-24,
2456,861,2715,,22-Jan-25,
1060,861,2716,2308,16-Aug-24,3-160-9
1058,862,2877,4105,16-Aug-24,
2410,862,4267,,21-Jan-25,
608,863,555,1044,16-Aug-24,
607,863,556,1043,16-Aug-24,
1006,864,2193,4053,16-Aug-24,
1056,865,2897,2001,16-Aug-24,
450,866,868,1991,16-Aug-24,
1425,867,3372,2562,11-Sep-24,
1010,868,2213,1555,16-Aug-24,R2
2457,868,2214,,22-Jan-25,
457,869,1861,3528,16-Aug-24,
690,870,951,2720,16-Aug-24,
573,871,441,2487,16-Aug-24,
1862,872,936,,09-Dec-24,
1861,872,939,,09-Dec-24,
718,873,1041,3776,16-Aug-24,
923,874,2001,3972,16-Aug-24,
924,874,2014,229,16-Aug-24,
925,874,2182,171,16-Aug-24,
2458,875,3321,,22-Jan-25,
2459,875,4272,,22-Jan-25,
2460,875,4273,,22-Jan-25,
688,876,904,2687,16-Aug-24,
689,876,905,2701,16-Aug-24,
458,877,1861,3529,16-Aug-24,
538,878,277,462,16-Aug-24,
940,879,437,3989,16-Aug-24,
941,879,438,3990,16-Aug-24,
939,879,2034,3988,16-Aug-24,
582,880,519,608,16-Aug-24,
944,881,2035,2798,16-Aug-24,
989,882,2097,4037,16-Aug-24,
583,883,520,607,16-Aug-24,
1166,883,1844,1752,,
1061,884,2400,2434,16-Aug-24,
2408,884,3108,,21-Jan-25,
611,885,566,962,16-Aug-24,
612,885,567,1035,16-Aug-24,
1049,886,2569,2323,16-Aug-24,
1137,887,2975,1453,16-Aug-24,
714,888,1009,3772,16-Aug-24,
594,889,549,2949,16-Aug-24,
942,890,2051,3991,16-Aug-24,
1046,891,2388,4093,16-Aug-24,
498,892,135,3569,16-Aug-24,
1398,893,3276,77,11-Sep-24,
955,894,2084,1275,16-Aug-24,
1054,895,2567,2329,16-Aug-24,
834,896,1673,918,16-Aug-24,
835,896,2102,3884,16-Aug-24,
462,897,27,3533,16-Aug-24,
2462,898,3239,,22-Jan-25,
2463,898,3240,,22-Jan-25,
694,899,901,3752,16-Aug-24,
591,900,534,3655,16-Aug-24,
1097,901,2451,4142,16-Aug-24,
1157,902,3082,4202,16-Aug-24,
616,903,575,858,16-Aug-24,
617,903,1008,999,16-Aug-24,
618,903,3050,2926,16-Aug-24,
619,903,3495,3681,16-Aug-24,
738,904,1098,3795,16-Aug-24,
840,905,1688,2536,16-Aug-24,
841,905,1689,2522,16-Aug-24,
842,905,1690,2524,16-Aug-24,
499,906,136,563,16-Aug-24,
500,906,139,566,16-Aug-24,
915,907,1966,2095,16-Aug-24,
717,908,1054,3775,16-Aug-24,
2406,909,278,,21-Jan-25,
541,909,279,2479,16-Aug-24,
543,910,276,3611,16-Aug-24,
741,911,1099,2518,16-Aug-24,
742,911,1100,1761,16-Aug-24,
743,911,1101,1762,16-Aug-24,
464,912,28,3535,16-Aug-24,
471,912,29,3542,16-Aug-24,
465,913,31,3536,16-Aug-24,
2464,914,3237,,22-Jan-25,
2913,915,135,,18-Jul-25,
2914,915,2887,,18-Jul-25,
991,916,2156,970,16-Aug-24,
936,917,673,2462,16-Aug-24,
937,917,674,3694,16-Aug-24,
935,917,2047,2799,16-Aug-24,
715,918,1061,1449,16-Aug-24,
592,919,535,3656,16-Aug-24,
593,919,536,3657,16-Aug-24,
845,920,1697,2530,16-Aug-24,
846,920,1698,2531,16-Aug-24,
677,921,878,3737,16-Aug-24,
947,922,170,3995,16-Aug-24,
948,922,171,2409,16-Aug-24,
949,922,172,646,16-Aug-24,
945,922,2048,3993,16-Aug-24,
946,922,3412,2571,16-Aug-24,
970,923,2106,2059,16-Aug-24,
716,924,1067,3774,16-Aug-24,
2465,924,4274,,22-Jan-25,
490,925,56,345,16-Aug-24,
928,926,2020,2106,16-Aug-24,
929,926,2024,2105,16-Aug-24,
930,926,2025,2174,16-Aug-24,
902,927,1874,830,16-Aug-24,
901,927,1935,3950,16-Aug-24,
905,927,1940,3954,16-Aug-24,
904,927,2157,3953,16-Aug-24,
903,927,2159,3952,16-Aug-24,
2466,927,2161,,22-Jan-25,
884,928,1835,894,16-Aug-24,
919,929,2007,231,16-Aug-24,
920,929,2017,227,16-Aug-24,スタ
921,929,3004,648,16-Aug-24,
596,930,553,2481,16-Aug-24,
556,931,353,481,16-Aug-24,
555,931,354,480,16-Aug-24,
557,931,370,479,16-Aug-24,
2467,932,981,,22-Jan-25,
882,933,1836,1820,16-Aug-24,
881,933,1838,893,16-Aug-24,
883,933,1839,826,16-Aug-24,
1148,934,3020,69,16-Aug-24,
1155,935,3057,1233,16-Aug-24,
784,936,1367,877,16-Aug-24,
2468,936,1368,,22-Jan-25,
2469,936,1369,,22-Jan-25,
491,937,86,442,16-Aug-24,
533,938,252,594,16-Aug-24,
532,938,253,595,16-Aug-24,
973,939,2129,4021,16-Aug-24,
974,939,2139,2178,16-Aug-24,
934,940,1431,3983,16-Aug-24,
932,940,2019,2172,16-Aug-24,
931,940,2021,2173,16-Aug-24,
933,940,2022,2103,16-Aug-24,
870,941,1798,839,16-Aug-24,
2470,942,1366,,22-Jan-25,
876,943,1300,2200,16-Aug-24,スタ254
875,943,1799,3924,16-Aug-24,
581,944,510,562,16-Aug-24,
874,945,1812,3923,16-Aug-24,
461,946,21,736,16-Aug-24,
2471,947,604,,22-Jan-25,
625,947,605,3687,16-Aug-24,
628,947,2007,231,16-Aug-24,
868,948,1793,903,16-Aug-24,
869,948,1794,823,16-Aug-24,
1086,949,2885,4132,16-Aug-24,
758,950,1289,2199,16-Aug-24,
773,951,1362,814,16-Aug-24,
774,951,1364,873,16-Aug-24,
775,951,1365,812,16-Aug-24,
779,951,1370,876,16-Aug-24,
776,951,1371,810,16-Aug-24,
778,951,1372,875,16-Aug-24,
777,951,1375,813,16-Aug-24,
589,952,530,1081,16-Aug-24,
2395,952,531,,21-Jan-25,
871,953,1813,842,16-Aug-24,
873,953,1815,831,16-Aug-24,
872,953,1817,841,16-Aug-24,
879,955,1833,3071,16-Aug-24,
1130,956,2618,2431,16-Aug-24,
1131,956,2624,4176,16-Aug-24,
1132,956,2630,2422,16-Aug-24,
654,957,712,2223,16-Aug-24,
662,959,687,3723,16-Aug-24,
822,962,1618,3871,16-Aug-24,
1149,963,3015,744,16-Aug-24,
2414,964,3112,,22-Jan-25,
2417,964,3113,,22-Jan-25,
2416,964,3121,,22-Jan-25,
2420,965,1813,,22-Jan-25,
2421,965,1815,,22-Jan-25,
2422,965,1817,,22-Jan-25,
665,966,669,412,16-Aug-24,
663,966,723,416,16-Aug-24,
664,966,724,282,16-Aug-24,
995,967,2175,1499,16-Aug-24,
2413,967,3701,,22-Jan-25,
2419,968,966,,22-Jan-25,
655,969,750,1956,16-Aug-24,
657,969,752,1957,16-Aug-24,
656,969,753,1949,16-Aug-24,
658,969,754,1958,16-Aug-24,
823,970,1622,3872,16-Aug-24,
510,971,182,267,16-Aug-24,
511,971,183,266,16-Aug-24,
2423,971,1968,,22-Jan-25,
514,971,1969,2109,16-Aug-24,
513,971,2258,215,16-Aug-24,
2424,971,2262,,22-Jan-25,
2425,971,2275,,22-Jan-25,
512,971,2985,50,16-Aug-24,
2026,971,4082,,16-Dec-24,
1378,972,935,2722,11-Sep-24,
2418,973,191,,22-Jan-25,
519,973,198,257,16-Aug-24,
518,973,199,259,16-Aug-24,
520,973,200,262,16-Aug-24,
521,973,202,258,16-Aug-24,
522,973,203,1163,16-Aug-24,
523,973,212,261,16-Aug-24,
517,973,1619,961,16-Aug-24,ATS-002
492,974,54,351,16-Aug-24,
456,975,3326,3527,16-Aug-24,
2426,975,4269,,22-Jan-25,
986,976,2096,4034,16-Aug-24,
735,977,1281,3792,16-Aug-24,
990,978,2126,2015,16-Aug-24,
1124,979,2424,159,16-Aug-24,
2396,979,4222,,21-Jan-25,
1129,980,2493,4174,16-Aug-24,
1128,980,2871,2484,16-Aug-24,
865,981,1771,2630,16-Aug-24,
866,981,1772,2644,16-Aug-24,
1146,982,3017,1950,16-Aug-24,
1147,982,3028,1135,16-Aug-24,
864,983,1768,3913,16-Aug-24,
2427,984,3160,,22-Jan-25,
509,985,184,2872,16-Aug-24,
799,986,1533,776,16-Aug-24,
969,987,2135,2053,16-Aug-24,
1145,988,3002,2933,16-Aug-24,
1360,989,1744,4291,11-Sep-24,
1359,989,3379,2613,11-Sep-24,
2407,989,4265,,21-Jan-25,
997,990,2183,168,16-Aug-24,
1370,991,3413,2578,11-Sep-24,
1369,991,3418,2583,11-Sep-24,
2428,991,3419,,22-Jan-25,
1368,991,3550,4293,11-Sep-24,
1856,992,3112,,09-Dec-24,
1857,992,3113,,09-Dec-24,
1858,992,3121,,09-Dec-24,
666,993,775,2922,16-Aug-24,
851,994,1732,1088,16-Aug-24,
852,994,1734,1087,16-Aug-24,
1127,995,2720,1917,16-Aug-24,
1126,996,2776,1896,16-Aug-24,フィルム
595,997,551,716,16-Aug-24,
1374,999,1861,3425,11-Sep-24,
1029,1001,2292,253,16-Aug-24,
645,1006,747,1856,16-Aug-24,
525,1009,204,1885,16-Aug-24,
526,1010,205,2915,16-Aug-24,
1118,1011,2775,4163,16-Aug-24,
1119,1012,2470,4164,16-Aug-24,
1108,1013,2471,2732,16-Aug-24,
1047,1014,2778,1910,16-Aug-24,
568,1015,415,1904,16-Aug-24,
2444,1016,3300,,22-Jan-25,
2445,1017,3168,,22-Jan-25,
667,1018,785,379,16-Aug-24,
1052,1019,2849,1913,16-Aug-24,
1043,1020,2641,2956,16-Aug-24,
1044,1020,2642,1152,16-Aug-24,
1045,1020,2643,1153,16-Aug-24,
1090,1021,2428,4135,16-Aug-24,
2446,1023,2428,,22-Jan-25,
1091,1023,2429,4136,16-Aug-24,
896,1024,1903,1852,16-Aug-24,
897,1024,1904,1835,16-Aug-24,
892,1025,1907,3941,16-Aug-24,
668,1026,814,1828,16-Aug-24,
536,1027,275,1122,16-Aug-24,
1379,1030,1861,3425,11-Sep-24,
1158,1033,397,2815,17-Aug-24,
1159,1034,397,2815,17-Aug-24,
1160,1035,2720,1917,17-Aug-24,
1161,1036,2720,1917,,再作成抜き型
1169,1037,2366,4218,26-Aug-24,
1193,1038,176,653,03-Sep-24,
1194,1038,177,644,03-Sep-24,
1181,1039,176,653,,
1182,1039,177,644,,
1183,1039,1821,840,,
2887,1039,1823,,10-Jul-25,ハイ
1188,1040,1800,4228,31-Aug-24,
1218,1040,1801,4242,04-Sep-24,
1219,1041,2179,3259,04-Sep-24,
1223,1043,2430,4244,04-Sep-24,
1220,1043,2510,4243,04-Sep-24,
1184,1044,986,1072,,
1228,1045,2122,4245,04-Sep-24,
1229,1046,3312,2177,04-Sep-24,
1237,1047,1804,4246,04-Sep-24,
1239,1047,1805,818,04-Sep-24,
1185,1048,1495,785,,
1192,1049,3225,54,03-Sep-24,
1241,1049,3449,1270,04-Sep-24,
1429,1050,3326,356,11-Sep-24,
2472,1050,4030,,22-Jan-25,
1281,1052,3278,4230,06-Sep-24,
1431,1054,3313,2083,11-Sep-24,
1243,1055,289,466,04-Sep-24,
2474,1055,367,,22-Jan-25,
2473,1055,368,,22-Jan-25,
2475,1055,373,,22-Jan-25,
2476,1055,380,,22-Jan-25,
2477,1055,383,,22-Jan-25,
2478,1055,389,,22-Jan-25,
2479,1056,614,,22-Jan-25,
1247,1056,615,2988,04-Sep-24,
2480,1056,616,,22-Jan-25,
1248,1056,622,320,04-Sep-24,
1251,1057,2224,203,04-Sep-24,
1254,1058,1583,941,04-Sep-24,
1264,1060,1806,4252,05-Sep-24,
1249,1061,1712,959,04-Sep-24,
1256,1061,1714,948,04-Sep-24,
1277,1062,662,4258,06-Sep-24,
2481,1062,692,,22-Jan-25,
1276,1062,693,4257,06-Sep-24,
1278,1062,708,2868,06-Sep-24,
1279,1062,709,316,06-Sep-24,
1282,1062,714,271,06-Sep-24,
1266,1062,756,313,05-Sep-24,
2387,1062,827,,21-Jan-25,
1283,1063,62,4259,06-Sep-24,
2482,1064,131,,22-Jan-25,
1285,1064,132,582,06-Sep-24,
1284,1064,133,581,06-Sep-24,
1286,1066,621,4261,06-Sep-24,
1292,1066,715,380,06-Sep-24,
1289,1066,742,2460,06-Sep-24,
1288,1066,755,314,06-Sep-24,
1290,1066,759,375,06-Sep-24,
1287,1066,803,377,06-Sep-24,
1291,1066,806,384,06-Sep-24,
1293,1068,621,4260,06-Sep-24,８号機OK
1270,1069,1006,1006,05-Sep-24,
1295,1069,1007,1036,06-Sep-24,
2483,1069,1069,,22-Jan-25,別抜き
1294,1070,3077,45,06-Sep-24,
1296,1072,620,424,06-Sep-24,
1297,1072,629,415,06-Sep-24,
1298,1072,630,319,06-Sep-24,
1302,1072,653,297,06-Sep-24,
1206,1072,701,2464,04-Sep-24,
1299,1072,733,4262,06-Sep-24,
1300,1072,734,404,06-Sep-24,
1301,1072,735,4263,06-Sep-24,
1550,1072,3606,,19-Oct-24,VIET
1217,1073,1776,2621,04-Sep-24,
1273,1074,1680,4222,06-Sep-24,
1303,1075,901,3752,06-Sep-24,
1304,1078,3521,4264,09-Sep-24,
1327,1085,1685,2547,09-Sep-24,
2485,1085,1691,,22-Jan-25,
1315,1085,3522,4265,09-Sep-24,
2484,1085,4275,,22-Jan-25,
1305,1086,623,408,09-Sep-24,
1306,1086,624,369,09-Sep-24,
1316,1087,3129,17,09-Sep-24,
1307,1088,2071,2157,09-Sep-24,
1308,1090,64,1337,09-Sep-24,
1309,1092,1476,770,09-Sep-24,
1310,1092,1477,794,09-Sep-24,
1311,1092,1496,764,09-Sep-24,
1318,1093,1612,954,09-Sep-24,
1319,1094,2308,225,09-Sep-24,
1320,1096,3523,4266,09-Sep-24,
1321,1097,69,433,09-Sep-24,
1322,1097,84,444,09-Sep-24,
1323,1097,3526,4269,09-Sep-24,
1324,1098,1483,791,09-Sep-24,
1325,1099,42,639,09-Sep-24,
1326,1103,2227,186,09-Sep-24,
1313,1104,999,1096,09-Sep-24,
1312,1109,3524,4267,09-Sep-24,
1328,1110,626,419,09-Sep-24,
1329,1112,3525,4268,09-Sep-24,
1330,1117,3527,4270,09-Sep-24,
1331,1119,3528,4272,09-Sep-24,
1332,1121,3528,4272,09-Sep-24,
1338,1122,1344,845,09-Sep-24,
1337,1123,72,1351,09-Sep-24,
1333,1125,902,2723,09-Sep-24,
2486,1125,917,,22-Jan-25,
1334,1125,3529,4274,09-Sep-24,
1339,1126,1713,956,09-Sep-24,
1340,1127,226,2135,09-Sep-24,
1341,1129,3530,4275,09-Sep-24,
1342,1131,3531,4276,09-Sep-24,
1343,1133,3533,4277,09-Sep-24,
1383,1136,3532,4294,11-Sep-24,
1384,1137,3045,651,11-Sep-24,
1385,1138,577,991,11-Sep-24,
1387,1138,578,1000,11-Sep-24,
1386,1139,3534,4278,11-Sep-24,
1346,1141,3219,2170,09-Sep-24,
1347,1144,3535,4279,09-Sep-24,
1349,1145,2322,692,10-Sep-24,
1350,1145,2323,655,10-Sep-24,
1351,1145,2324,656,10-Sep-24,
1352,1145,2325,691,10-Sep-24,
1353,1145,2326,689,10-Sep-24,
1354,1145,2327,690,10-Sep-24,
1430,1146,609,4187,11-Sep-24,
1483,1147,20,2505,11-Sep-24,
1376,1148,1487,788,11-Sep-24,
1484,1149,19,2044,11-Sep-24,
1388,1152,3537,4280,11-Sep-24,
1403,1153,603,996,11-Sep-24,
1428,1154,963,1118,11-Sep-24,
1390,1155,997,1071,11-Sep-24,
1389,1156,611,294,11-Sep-24,
1392,1156,730,296,11-Sep-24,
1393,1156,731,300,11-Sep-24,
1391,1156,3547,4295,11-Sep-24,
1394,1156,3548,4296,11-Sep-24,
1396,1157,1306,2496,11-Sep-24,
2487,1158,116,,22-Jan-25,
1488,1158,176,653,11-Sep-24,
1491,1158,898,1577,11-Sep-24,
1492,1158,899,1560,11-Sep-24,
1487,1158,2242,205,11-Sep-24,
1397,1158,2245,184,11-Sep-24,
1486,1158,2246,193,11-Sep-24,
1490,1158,3235,86,11-Sep-24,
1489,1158,3553,4299,11-Sep-24,
1400,1159,3538,4281,11-Sep-24,
1401,1160,1800,4228,11-Sep-24,
1402,1160,1801,4242,11-Sep-24,
1404,1161,552,1018,11-Sep-24,
1485,1162,22,622,11-Sep-24,
1395,1163,2898,2030,11-Sep-24,
1493,1164,1806,4252,11-Sep-24,
1494,1165,300,451,11-Sep-24,
1405,1166,2835,2234,11-Sep-24,
1407,1167,2909,3231,11-Sep-24,
1408,1168,3222,1355,11-Sep-24,
1406,1169,288,469,11-Sep-24,
1409,1170,1802,904,11-Sep-24,
1410,1170,1803,828,11-Sep-24,
1412,1171,60,342,11-Sep-24,
1413,1172,962,1060,11-Sep-24,
1414,1173,961,1056,11-Sep-24,
1498,1174,678,298,11-Sep-24,
1499,1174,679,372,11-Sep-24,
1495,1175,2960,2191,11-Sep-24,
1496,1175,2961,2181,11-Sep-24,
1497,1175,2962,2192,11-Sep-24,
1526,1177,664,312,11-Sep-24,
1525,1177,704,378,11-Sep-24,
1523,1177,3541,4282,11-Sep-24,
1524,1177,3551,4300,11-Sep-24,
1423,1178,2757,2273,11-Sep-24,
1355,1180,3536,4283,10-Sep-24,
1422,1181,1897,613,11-Sep-24,
1424,1181,1898,2870,11-Sep-24,
1421,1183,3542,4284,11-Sep-24,
1513,1184,546,1086,11-Sep-24,
1420,1186,265,1349,11-Sep-24,
1419,1188,3540,4285,11-Sep-24,
1418,1189,3005,2145,11-Sep-24,
1417,1190,1476,770,11-Sep-24,
2488,1190,1477,,22-Jan-25,
1416,1191,985,1020,11-Sep-24,
1415,1192,2222,217,11-Sep-24,
1515,1193,2329,674,11-Sep-24,
1516,1193,2330,675,11-Sep-24,
1517,1193,2331,712,11-Sep-24,
2489,1194,381,,22-Jan-25,
1534,1194,3552,4302,11-Sep-24,
1427,1195,1766,2014,11-Sep-24,
1377,1196,1487,788,11-Sep-24,
2490,1197,3014,,22-Jan-25,
1527,1197,3569,2182,11-Sep-24,
1528,1198,2126,2015,11-Sep-24,
1531,1199,158,448,11-Sep-24,
1532,1199,3554,4301,11-Sep-24,
1520,1200,1022,1030,11-Sep-24,
1521,1200,1023,1034,11-Sep-24,
1522,1200,1024,2948,11-Sep-24,
1514,1200,2229,219,11-Sep-24,
1518,1200,2230,179,11-Sep-24,
1519,1200,2243,212,11-Sep-24,
2491,1201,2132,,22-Jan-25,
1529,1201,2133,2473,11-Sep-24,
1530,1201,2134,2474,11-Sep-24,
1434,1202,1248,2729,11-Sep-24,
1433,1202,1553,920,11-Sep-24,
1447,1206,3539,4286,11-Sep-24,
1448,1207,3159,36,11-Sep-24,
1449,1208,2023,2104,11-Sep-24,
1435,1209,871,1003,11-Sep-24,
1446,1211,3156,2508,11-Sep-24,
1445,1212,2314,233,11-Sep-24,
1444,1216,3131,2880,11-Sep-24,
1443,1218,3130,24,11-Sep-24,
1442,1220,80,1133,11-Sep-24,
1440,1222,3229,53,11-Sep-24,
1438,1224,1001,1024,11-Sep-24,
1439,1224,1002,1023,11-Sep-24,
1436,1226,2002,232,11-Sep-24,
1437,1226,2003,2934,11-Sep-24,
1450,1228,3132,18,11-Sep-24,
1451,1228,3139,23,11-Sep-24,
1432,1229,2226,213,11-Sep-24,
1454,1230,2216,2501,11-Sep-24,
1455,1232,378,538,11-Sep-24,
2872,1232,4345,,07-Feb-25,
2873,1232,4346,,07-Feb-25,
1456,1234,725,403,11-Sep-24,
1452,1235,741,368,11-Sep-24,
1453,1235,749,417,11-Sep-24,
2912,1235,4529,,18-Jul-25,
1473,1236,3228,3044,11-Sep-24,
2493,1236,3258,,22-Jan-25,
1471,1238,631,325,11-Sep-24,
1472,1238,633,359,11-Sep-24,
2494,1238,3652,,22-Jan-25,
1457,1240,3543,4287,11-Sep-24,
1470,1242,400,508,11-Sep-24,
1458,1244,1928,1131,11-Sep-24,
1459,1246,77,348,11-Sep-24,
1460,1247,3226,1336,11-Sep-24,
1477,1249,2617,1168,11-Sep-24,
1476,1249,2937,1482,11-Sep-24,
1474,1249,3544,4288,11-Sep-24,
1475,1249,3549,4298,11-Sep-24,
2495,1249,4276,,22-Jan-25,
2496,1252,2310,,22-Jan-25,
1461,1252,2311,241,11-Sep-24,
1462,1254,3227,1357,11-Sep-24,
1463,1256,78,443,11-Sep-24,
1464,1258,545,1082,11-Sep-24,
1465,1260,477,1330,11-Sep-24,
1466,1262,634,2221,11-Sep-24,
2497,1262,730,,22-Jan-25,
1467,1264,1861,3425,11-Sep-24,
1478,1265,1858,905,11-Sep-24,
1479,1267,1973,157,11-Sep-24,
1469,1269,3164,49,11-Sep-24,
2498,1272,914,,22-Jan-25,
1468,1272,3546,4290,11-Sep-24,
1480,1273,3255,103,11-Sep-24,
1482,1275,2649,2333,11-Sep-24,
1481,1276,2761,2275,11-Sep-24,
1504,1277,1539,780,11-Sep-24,
1503,1279,765,381,11-Sep-24,
1501,1281,3172,13,11-Sep-24,
1505,1283,442,2488,11-Sep-24,
1511,1284,529,1074,11-Sep-24,
1502,1285,1020,1041,11-Sep-24,
1512,1286,2345,682,11-Sep-24,
1510,1287,385,477,11-Sep-24,
1500,1288,1512,790,11-Sep-24,
1509,1289,2217,234,11-Sep-24,
1506,1291,3133,1993,11-Sep-24,
1507,1291,3136,1992,11-Sep-24,
1508,1291,3137,2012,11-Sep-24,
1545,1292,3605,,08-Oct-24,
1555,1293,1302,,23-Oct-24,
1556,1294,559,,23-Oct-24,
1557,1295,3623,,23-Oct-24,
1558,1297,888,,23-Oct-24,
1551,1299,2190,,23-Oct-24,
1552,1299,2191,,23-Oct-24,
1863,1300,2175,,09-Dec-24,
1864,1300,2176,,09-Dec-24,
1865,1300,3481,,09-Dec-24,
1559,1301,1834,,23-Oct-24,
1560,1302,1591,,23-Oct-24,
1561,1304,3624,,23-Oct-24,
1562,1305,1556,,23-Oct-24,
1553,1306,1588,,23-Oct-24,
1554,1306,1592,,23-Oct-24,
1563,1307,1587,,23-Oct-24,
1564,1308,598,,23-Oct-24,
1565,1309,1494,,23-Oct-24,
1566,1310,1405,,23-Oct-24,
1567,1312,631,,23-Oct-24,
2500,1312,3652,,22-Jan-25,
1568,1313,3625,,23-Oct-24,
1569,1314,3626,,23-Oct-24,
1570,1315,486,,23-Oct-24,
1571,1316,3627,,23-Oct-24,
1572,1317,3628,,23-Oct-24,
2501,1318,445,,22-Jan-25,
2502,1318,446,,22-Jan-25,
2503,1318,447,,22-Jan-25,
2504,1318,448,,22-Jan-25,
2505,1318,449,,22-Jan-25,
1573,1319,3417,,23-Oct-24,
1574,1320,485,,23-Oct-24,
1575,1321,3629,,23-Oct-24,
1870,1322,1787,,09-Dec-24,
1869,1323,3630,,09-Dec-24,
1868,1324,2068,,09-Dec-24,
1867,1325,250,,09-Dec-24,
1866,1326,3631,,09-Dec-24,
1884,1328,1857,,09-Dec-24,
1883,1329,1792,,09-Dec-24,
1882,1330,1791,,09-Dec-24,
1881,1331,3632,,09-Dec-24,
1880,1332,129,,09-Dec-24,
1878,1333,37,,09-Dec-24,
1879,1333,38,,09-Dec-24,
1877,1334,596,,09-Dec-24,
1876,1335,1383,,09-Dec-24,
1875,1336,2167,,09-Dec-24,
1872,1338,3633,,09-Dec-24,
1874,1340,3634,,09-Dec-24,
1873,1341,540,,09-Dec-24,
1871,1342,538,,09-Dec-24,
1577,1343,2351,,23-Oct-24,
1576,1343,3635,,23-Oct-24,
1578,1344,2349,,23-Oct-24,
1579,1344,2350,,23-Oct-24,
1580,1345,3636,,23-Oct-24,
1581,1346,3637,,,
1584,1347,480,,23-Oct-24,
1583,1347,3638,,23-Oct-24,
2506,1347,4278,,22-Jan-25,
1587,1348,143,,23-Oct-24,
1589,1349,537,,23-Oct-24,
1591,1350,2497,,23-Oct-24,
2509,1352,1076,,22-Jan-25,
1593,1352,1081,,19-Nov-24,
1595,1353,1959,,19-Nov-24,
1596,1354,3692,,,
1600,1356,3693,,19-Nov-24,
1608,1358,1608,,,
1605,1358,3694,,19-Nov-24,
1606,1358,3695,,,
1610,1358,3696,,,
1612,1358,3697,,,
1621,1359,3413,,,
1618,1359,3418,,,
1615,1359,3419,,19-Nov-24,
1616,1359,3550,,,
1627,1363,1387,,19-Nov-24,
1626,1363,2931,,19-Nov-24,
1629,1363,3698,,19-Nov-24,
1631,1364,595,,,
1640,1366,2354,,,
1637,1366,2355,,,
1638,1366,2357,,,
1639,1366,2358,,,
1643,1368,3699,,,
1646,1369,3700,,19-Nov-24,
2510,1370,1861,,22-Jan-25,
1887,1371,2947,,09-Dec-24,
1888,1371,3924,,09-Dec-24,
1889,1372,3006,,09-Dec-24,
1886,1373,3004,,09-Dec-24,
1647,1374,3005,,19-Nov-24,
1648,1375,593,,,
1649,1375,594,,,
1650,1375,2184,,,
1890,1377,151,,09-Dec-24,
1652,1378,890,,,
1654,1379,3008,,,
2511,1380,1597,,22-Jan-25,プレス
1655,1380,3701,,,
1656,1381,379,,,
1894,1383,555,,09-Dec-24,
1891,1383,3702,,09-Dec-24,
1892,1383,3703,,09-Dec-24,
1893,1383,3704,,09-Dec-24,
1895,1383,4013,,09-Dec-24,
1896,1383,4014,,09-Dec-24,
1897,1383,4015,,09-Dec-24,
2405,1384,4264,,21-Jan-25,
2392,1385,2404,,21-Jan-25,
2394,1385,2406,,21-Jan-25,
2393,1385,4261,,21-Jan-25,
1885,1386,3705,,09-Dec-24,
2409,1387,4266,,21-Jan-25,
1661,1389,3706,,,
2512,1390,1861,,22-Jan-25,
1673,1391,3074,,20-Nov-24,
1662,1392,3707,,,
1663,1392,3708,,,
1664,1392,3709,,,
1665,1392,3710,,,
1667,1393,3055,,,
1668,1393,3064,,19-Nov-24,
1671,1394,3711,,19-Nov-24,
1672,1394,3712,,,
2514,1394,4202,,22-Jan-25,
2515,1394,4204,,22-Jan-25,
2516,1394,4206,,22-Jan-25,
2513,1394,4279,,22-Jan-25,
1674,1395,1377,,20-Nov-24,
1675,1395,1379,,20-Nov-24,
1676,1395,1381,,20-Nov-24,
1679,1396,987,,20-Nov-24,
1680,1397,1594,,20-Nov-24,
1682,1398,1305,,20-Nov-24,
1683,1399,3713,,20-Nov-24,
1684,1402,893,,20-Nov-24,
1688,1402,919,,20-Nov-24,
1687,1402,922,,20-Nov-24,
1685,1402,938,,20-Nov-24,
1689,1405,900,,20-Nov-24,
1691,1405,935,,20-Nov-24,
1692,1405,944,,20-Nov-24,
1690,1405,3714,,20-Nov-24,
1693,1406,2472,,20-Nov-24,
1694,1407,1415,,20-Nov-24,
1695,1408,2218,,20-Nov-24,
1696,1409,2219,,20-Nov-24,
1697,1412,2069,,20-Nov-24,
1698,1413,495,,20-Nov-24,
1699,1414,3715,,20-Nov-24,
1701,1415,3008,,,
1702,1416,1378,,21-Nov-24,
1703,1416,1382,,21-Nov-24,
1705,1417,2220,,21-Nov-24,
1704,1422,2222,,21-Nov-24,
1706,1426,1357,,21-Nov-24,
1707,1430,3718,,21-Nov-24,
1708,1432,3054,,21-Nov-24,
1898,1434,1596,,09-Dec-24,
1899,1435,3719,,09-Dec-24,
1709,1437,1606,,21-Nov-24,
1710,1439,1484,,21-Nov-24,
1711,1441,3720,,21-Nov-24,
1712,1444,3722,,21-Nov-24,
1713,1446,3218,,21-Nov-24,
1714,1447,542,,21-Nov-24,
1715,1448,1765,,21-Nov-24,
1717,1450,543,,21-Nov-24,
1718,1451,602,,21-Nov-24,
1720,1452,998,,21-Nov-24,
1719,1452,3723,,21-Nov-24,
1721,1453,541,,21-Nov-24,
1723,1454,3458,,21-Nov-24,
1722,1454,3724,,21-Nov-24,
1724,1454,3725,,21-Nov-24,
1726,1455,1152,,21-Nov-24,
1727,1455,1153,,21-Nov-24,
1728,1455,1154,,21-Nov-24,
1729,1455,1155,,21-Nov-24,
1730,1455,1156,,21-Nov-24,
1731,1455,1157,,21-Nov-24,
1733,1455,1158,,21-Nov-24,
1725,1455,3726,,21-Nov-24,
1735,1458,2837,,21-Nov-24,
1736,1458,2838,,21-Nov-24,
1734,1458,3727,,21-Nov-24,
1737,1459,2221,,21-Nov-24,
1739,1460,1152,,21-Nov-24,
1740,1460,1153,,21-Nov-24,
1741,1460,1154,,21-Nov-24,
1742,1460,1155,,21-Nov-24,
1743,1460,1156,,21-Nov-24,
1744,1460,1157,,21-Nov-24,
1745,1460,1158,,21-Nov-24,
1746,1460,1159,,21-Nov-24,
1747,1460,1160,,21-Nov-24,
1748,1460,1161,,21-Nov-24,
1749,1460,1162,,21-Nov-24,
1750,1460,1163,,21-Nov-24,
1738,1460,3726,,21-Nov-24,
1751,1460,3728,,21-Nov-24,
1756,1464,1630,,21-Nov-24,
1758,1465,55,,21-Nov-24,
1759,1465,3729,,21-Nov-24,
1770,1475,541,,21-Nov-24,
1774,1479,555,,21-Nov-24,
1772,1479,1606,,21-Nov-24,
1775,1481,3006,,21-Nov-24,
1776,1481,3705,,21-Nov-24,
1777,1482,1506,,21-Nov-24,
1778,1483,2278,,21-Nov-24,
1785,1486,2501,,21-Nov-24,
1783,1486,2502,,21-Nov-24,
1786,1486,2504,,21-Nov-24,
1787,1486,2505,,21-Nov-24,
1781,1486,2895,,21-Nov-24,
1784,1486,3731,,21-Nov-24,
1782,1487,3730,,21-Nov-24,
1796,1501,3732,,21-Nov-24,
1797,1502,3733,,21-Nov-24,
1798,1503,75,,22-Nov-24,
1799,1504,70,,22-Nov-24,
1800,1505,3734,,22-Nov-24,
1801,1505,3735,,22-Nov-24,
1803,1506,2308,,22-Nov-24,
1804,1507,901,,22-Nov-24,
1806,1508,633,,22-Nov-24,
1805,1508,3652,,22-Nov-24,
1807,1509,399,,22-Nov-24,
1808,1511,2228,,22-Nov-24,
1809,1515,1803,,22-Nov-24,
1811,1517,633,,22-Nov-24,
1810,1517,3652,,22-Nov-24,
1813,1520,3228,,22-Nov-24,
1814,1522,3164,,22-Nov-24,
1815,1523,60,,22-Nov-24,
1816,1525,3738,,22-Nov-24,
1818,1526,2056,,22-Nov-24,
1821,1527,3528,,22-Nov-24,
1823,1528,510,,22-Nov-24,
1825,1529,584,,22-Nov-24,
2517,1530,3941,,22-Jan-25,
2519,1532,3852,,22-Jan-25,
2518,1532,3853,,22-Jan-25,
2520,1534,1861,,22-Jan-25,
1827,1535,3739,,22-Nov-24,
1828,1537,1380,,22-Nov-24,
1829,1539,1382,,22-Nov-24,
1830,1541,2332,,22-Nov-24,
1831,1543,2214,,22-Nov-24,
1832,1545,3740,,22-Nov-24,
1833,1548,3625,,22-Nov-24,
1834,1550,1786,,22-Nov-24,
1835,1551,262,,22-Nov-24,
1836,1552,3741,,22-Nov-24,
1837,1554,3742,,22-Nov-24,
1838,1556,3058,,22-Nov-24,
1839,1558,3163,,22-Nov-24,
1840,1560,2353,,22-Nov-24,
1841,1562,1511,,22-Nov-24,
1842,1564,573,,22-Nov-24,
1845,1569,3743,,22-Nov-24,
1846,1570,1491,,22-Nov-24,
1847,1572,3744,,22-Nov-24,
1848,1572,3745,,22-Nov-24,
1849,1573,3746,,22-Nov-24,
1850,1575,3747,,22-Nov-24,
1851,1577,1736,,22-Nov-24,
1852,1578,1506,,22-Nov-24,
1860,1598,135,,09-Dec-24,
2528,1608,4016,,23-Jan-25,
2529,1608,4280,,23-Jan-25,
1900,1611,4010,,09-Dec-24,
1902,1612,4001,,09-Dec-24,
1901,1612,4017,,09-Dec-24,
1903,1614,4018,,09-Dec-24,
1904,1614,4020,,09-Dec-24,
1905,1614,4021,,09-Dec-24,
1906,1614,4022,,09-Dec-24,
1907,1614,4023,,09-Dec-24,
1908,1614,4024,,09-Dec-24,
2525,1615,1861,,22-Jan-25,
1909,1617,1957,,09-Dec-24,
1912,1619,3948,,09-Dec-24,
1913,1619,3949,,09-Dec-24,
1910,1619,4026,,09-Dec-24,
1911,1619,4028,,09-Dec-24,
2524,1620,4029,,22-Jan-25,
1914,1621,1208,,09-Dec-24,
1915,1621,2370,,09-Dec-24,
1916,1622,4030,,09-Dec-24,
1917,1624,4031,,09-Dec-24,
2605,1625,4287,,23-Jan-25,
1918,1627,4032,,09-Dec-24,
1919,1627,4033,,09-Dec-24,
1920,1628,2103,,09-Dec-24,
1921,1628,3890,,09-Dec-24,
1922,1628,3910,,09-Dec-24,
1923,1628,4034,,09-Dec-24,
1924,1629,2107,,09-Dec-24,
1925,1630,3756,,09-Dec-24,
1926,1633,4035,,09-Dec-24,
1927,1633,4036,,09-Dec-24,
1928,1634,4008,,09-Dec-24,
1940,1636,1986,,09-Dec-24,
1941,1636,1987,,09-Dec-24,
1930,1636,2373,,09-Dec-24,
1929,1636,2374,,09-Dec-24,
1937,1636,2375,,09-Dec-24,
1932,1636,2556,,09-Dec-24,
1938,1636,2823,,09-Dec-24,
1939,1636,3110,,09-Dec-24,
1931,1636,4040,,09-Dec-24,
1933,1636,4042,,09-Dec-24,
1934,1636,4043,,09-Dec-24,
1935,1636,4044,,09-Dec-24,
1936,1636,4045,,09-Dec-24,
1942,1637,3734,,09-Dec-24,
1943,1637,3735,,09-Dec-24,
1944,1639,3873,,09-Dec-24,
1945,1640,1357,,09-Dec-24,
1946,1642,4050,,09-Dec-24,
1952,1643,1387,,09-Dec-24,
1947,1643,2931,,09-Dec-24,
1948,1643,4051,,09-Dec-24,
1949,1643,4052,,09-Dec-24,
1950,1643,4053,,09-Dec-24,
1951,1643,4054,,09-Dec-24,
1953,1643,4055,,09-Dec-24,
1955,1645,65,,09-Dec-24,
1954,1645,79,,09-Dec-24,
1956,1646,2684,,09-Dec-24,
1957,1648,4056,,09-Dec-24,
1958,1648,4057,,09-Dec-24,
1959,1649,2739,,09-Dec-24,
1960,1651,4058,,09-Dec-24,
1961,1651,4059,,09-Dec-24,
2404,1655,3692,,21-Jan-25,
1963,1657,2908,,09-Dec-24,
1962,1657,3950,,09-Dec-24,
1965,1659,3791,,09-Dec-24,
1964,1659,3922,,09-Dec-24,
1966,1661,1809,,09-Dec-24,
1967,1661,1810,,09-Dec-24,
1974,1663,2514,,09-Dec-24,
1968,1663,2809,,09-Dec-24,
1969,1663,2846,,09-Dec-24,
1970,1663,2847,,09-Dec-24,
1972,1663,2883,,09-Dec-24,
1973,1663,3878,,09-Dec-24,
1971,1663,4060,,09-Dec-24,
1975,1665,4061,,09-Dec-24,
1976,1669,4056,,09-Dec-24,
1977,1675,3952,,09-Dec-24,
1978,1675,3961,,09-Dec-24,
1980,1676,3753,,09-Dec-24,
1979,1676,3778,,09-Dec-24,
1981,1678,4063,,09-Dec-24,
1982,1678,4064,,09-Dec-24,
1984,1679,291,,09-Dec-24,
1983,1679,4065,,09-Dec-24,
1985,1681,3780,,09-Dec-24,
1987,1683,2404,,09-Dec-24,
1988,1683,2665,,09-Dec-24,
1986,1683,4066,,09-Dec-24,
1990,1685,581,,09-Dec-24,
1991,1685,582,,09-Dec-24,
1992,1685,1717,,09-Dec-24,
1989,1685,4067,,09-Dec-24,
2398,1689,4262,,21-Jan-25,
1993,1691,3220,,09-Dec-24,
1994,1693,4058,,09-Dec-24,
1995,1693,4059,,09-Dec-24,
1998,1696,37,,09-Dec-24,
1999,1696,38,,09-Dec-24,
2000,1700,236,,09-Dec-24,
2001,1700,1493,,09-Dec-24,
2002,1701,3966,,09-Dec-24,
2004,1703,3802,,09-Dec-24,
2003,1703,3918,,09-Dec-24,
2005,1705,3779,,09-Dec-24,
2006,1707,3776,,09-Dec-24,
2008,1709,3448,,09-Dec-24,
2007,1709,3812,,09-Dec-24,
2011,1711,160,,09-Dec-24,
2009,1711,3322,,09-Dec-24,
2010,1711,4069,,09-Dec-24,
2012,1715,4070,,09-Dec-24,
2013,1715,4071,,09-Dec-24,
2014,1717,2407,,09-Dec-24,
2015,1719,868,,09-Dec-24,
2016,1721,1755,,09-Dec-24,
2017,1723,2093,,09-Dec-24,
2018,1723,2095,,09-Dec-24,
2019,1723,3079,,09-Dec-24,
2020,1723,3080,,09-Dec-24,
2022,1725,3738,,09-Dec-24,
2023,1725,3921,,09-Dec-24,
2021,1725,4072,,09-Dec-24,
2025,1727,1380,,09-Dec-24,
2024,1729,4073,,09-Dec-24,
2027,1736,3886,,24-Dec-24,
2028,1737,1015,,20-Jan-25,
2029,1739,3031,,20-Jan-25,
2030,1741,964,,20-Jan-25,
2031,1743,4223,,20-Jan-25,
2032,1745,442,,20-Jan-25,
2033,1747,3861,,20-Jan-25,
2034,1749,115,,20-Jan-25,
2035,1751,3811,,20-Jan-25,
2036,1752,384,,20-Jan-25,
2037,1754,1775,,20-Jan-25,
2038,1756,2185,,20-Jan-25,
2039,1757,1309,,20-Jan-25,
2040,1759,1601,,20-Jan-25,
2041,1760,1547,,20-Jan-25,
2042,1760,1548,,20-Jan-25,
2043,1762,386,,20-Jan-25,
2044,1762,3930,,20-Jan-25,
2047,1762,3939,,20-Jan-25,
2048,1762,3940,,20-Jan-25,
2045,1762,4075,,20-Jan-25,
2046,1762,4079,,20-Jan-25,
2049,1764,24,,20-Jan-25,
2050,1766,3243,,20-Jan-25,
2051,1768,3774,,20-Jan-25,
2052,1770,3248,,20-Jan-25,
2053,1772,2343,,20-Jan-25,
2054,1774,4224,,20-Jan-25,
2055,1775,117,,20-Jan-25,
2056,1775,580,,20-Jan-25,
2057,1776,1607,,20-Jan-25,
2058,1778,966,,20-Jan-25,
2059,1780,2996,,20-Jan-25,
2060,1780,2998,,20-Jan-25,
2061,1780,3000,,20-Jan-25,
2062,1780,3001,,20-Jan-25,
2064,1782,1297,,20-Jan-25,
2063,1782,3467,,20-Jan-25,
2065,1783,1506,,20-Jan-25,
2066,1783,1510,,20-Jan-25,
2068,1785,2427,,20-Jan-25,
2067,1785,2442,,20-Jan-25,
2069,1787,2606,,20-Jan-25,
2072,1788,374,,20-Jan-25,
2070,1788,3561,,20-Jan-25,
2071,1788,3562,,20-Jan-25,
2073,1790,3860,,20-Jan-25,
2074,1792,3809,,20-Jan-25,
2075,1794,1342,,20-Jan-25,
2076,1796,2341,,20-Jan-25,
2078,1796,4225,,20-Jan-25,
2077,1798,4226,,20-Jan-25,
2082,1799,2347,,20-Jan-25,
2079,1799,3789,,20-Jan-25,
2081,1799,3817,,20-Jan-25,
2080,1799,3818,,20-Jan-25,
2083,1801,2130,,20-Jan-25,
2084,1803,2148,,20-Jan-25,
2085,1805,561,,20-Jan-25,
2086,1805,562,,20-Jan-25,
2087,1807,1646,,20-Jan-25,
2088,1809,1324,,20-Jan-25,
2089,1812,2593,,20-Jan-25,
2090,1812,2594,,20-Jan-25,
2092,1814,1018,,20-Jan-25,
2093,1814,1019,,20-Jan-25,
2091,1814,3810,,20-Jan-25,
2094,1816,4227,,20-Jan-25,
2095,1818,1613,,20-Jan-25,
2096,1818,1614,,20-Jan-25,
2097,1820,3166,,20-Jan-25,
2101,1823,3983,,20-Jan-25,
2100,1825,3794,,20-Jan-25,
2099,1827,3980,,20-Jan-25,
2102,1828,3230,,20-Jan-25,
2103,1830,1962,,20-Jan-25,
2104,1832,2808,,20-Jan-25,
2106,1834,1913,,20-Jan-25,
2105,1834,4230,,20-Jan-25,
2107,1836,290,,20-Jan-25,
2108,1838,4231,,20-Jan-25,
2109,1840,3165,,20-Jan-25,
2112,1842,23,,20-Jan-25,
2111,1842,70,,20-Jan-25,
2113,1844,903,,20-Jan-25,
2114,1846,3975,,20-Jan-25,
2115,1848,560,,20-Jan-25,
2116,1850,583,,20-Jan-25,
2117,1851,135,,20-Jan-25,
2118,1855,1518,,20-Jan-25,
2119,1855,1519,,20-Jan-25,
2120,1855,1520,,20-Jan-25,
2121,1858,3653,,20-Jan-25,
2122,1858,3656,,20-Jan-25,
2123,1859,2011,,20-Jan-25,
2124,1862,1472,,20-Jan-25,
2125,1863,1515,,20-Jan-25,
2126,1865,1840,,20-Jan-25,
2127,1867,173,,20-Jan-25,
2129,1869,294,,20-Jan-25,
2128,1869,297,,20-Jan-25,
2130,1871,4232,,20-Jan-25,
2131,1873,91,,20-Jan-25,
2132,1873,92,,20-Jan-25,
2133,1873,93,,20-Jan-25,
2134,1873,94,,20-Jan-25,
2135,1873,95,,20-Jan-25,
2136,1873,96,,20-Jan-25,
2137,1873,105,,20-Jan-25,
2138,1873,106,,20-Jan-25,
2139,1875,1581,,20-Jan-25,
2140,1880,290,,20-Jan-25,
2141,1882,2240,,20-Jan-25,
2144,1884,1208,,20-Jan-25,
2142,1886,626,,20-Jan-25,
2143,1886,628,,20-Jan-25,
2145,1889,940,,20-Jan-25,
2146,1891,1285,,20-Jan-25,
2147,1894,2064,,20-Jan-25,
2148,1896,958,,20-Jan-25,
2149,1898,3814,,20-Jan-25,
2150,1902,574,,20-Jan-25,
2151,1904,1350,,20-Jan-25,
2152,1904,1351,,20-Jan-25,
2154,1906,939,,20-Jan-25,
2153,1908,591,,20-Jan-25,
2155,1910,1522,,20-Jan-25,
2156,1912,1534,,20-Jan-25,
2157,1914,1021,,20-Jan-25,
2158,1915,554,,20-Jan-25,
2159,1918,3882,,20-Jan-25,
2160,1920,3254,,20-Jan-25,
2161,1920,3267,,20-Jan-25,
2162,1922,3455,,20-Jan-25,
2163,1924,3793,,20-Jan-25,
2164,1926,245,,20-Jan-25,
2165,1928,3822,,20-Jan-25,
2166,1930,2278,,20-Jan-25,
2167,1932,1859,,20-Jan-25,
2169,1934,565,,20-Jan-25,
2168,1934,4233,,20-Jan-25,
2170,1936,3877,,20-Jan-25,
2171,1937,3806,,20-Jan-25,
2172,1939,3740,,20-Jan-25,
2175,1941,1615,,20-Jan-25,
2176,1941,4234,,20-Jan-25,
2177,1943,194,,20-Jan-25,
2178,1945,3457,,20-Jan-25,
2179,1947,246,,20-Jan-25,
2180,1949,1004,,20-Jan-25,
2181,1951,4235,,20-Jan-25,
2182,1951,4236,,20-Jan-25,
2183,1953,3552,,20-Jan-25,
2187,1955,273,,20-Jan-25,
2184,1955,295,,20-Jan-25,
2185,1955,296,,20-Jan-25,
2186,1955,3198,,20-Jan-25,
2188,1957,2004,,20-Jan-25,
2189,1959,3487,,20-Jan-25,
2190,1960,909,,20-Jan-25,
2191,1960,910,,20-Jan-25,
2192,1960,911,,20-Jan-25,
2194,1960,924,,20-Jan-25,
2195,1960,1349,,20-Jan-25,
2193,1960,4238,,20-Jan-25,
2196,1960,4239,,20-Jan-25,
2197,1960,4240,,20-Jan-25,
2198,1961,1481,,20-Jan-25,
2199,1961,4214,,20-Jan-25,
2200,1963,506,,20-Jan-25,
2201,1965,2964,,20-Jan-25,
2202,1967,3689,,20-Jan-25,
2203,1969,1430,,20-Jan-25,
2205,1971,3819,,20-Jan-25,
2204,1971,3881,,20-Jan-25,
2209,1973,4232,,20-Jan-25,
2206,1973,4241,,20-Jan-25,
2207,1973,4242,,20-Jan-25,
2208,1973,4243,,20-Jan-25,
2210,1975,4244,,20-Jan-25,
2211,1977,3942,,20-Jan-25,
2212,1982,2927,,20-Jan-25,
2213,1984,2012,,20-Jan-25,
2214,1989,1815,,20-Jan-25,
2215,1993,506,,20-Jan-25,
2216,1994,324,,20-Jan-25,
2217,1996,592,,20-Jan-25,
2218,1996,3770,,20-Jan-25,
2219,1998,548,,20-Jan-25,
2220,2000,2338,,20-Jan-25,
2221,2003,4246,,20-Jan-25,
2222,2005,3765,,20-Jan-25,
2223,2005,3855,,20-Jan-25,
2224,2007,945,,20-Jan-25,
2225,2009,1623,,20-Jan-25,
2226,2011,2072,,20-Jan-25,
2227,2013,942,,20-Jan-25,
2228,2013,943,,20-Jan-25,
2229,2015,590,,20-Jan-25,
2230,2017,3177,,20-Jan-25,
2231,2019,201,,20-Jan-25,
2232,2021,3781,,20-Jan-25,
2233,2023,436,,20-Jan-25,
2234,2025,947,,20-Jan-25,
2235,2025,948,,20-Jan-25,
2236,2025,952,,20-Jan-25,
2237,2027,2908,,20-Jan-25,
2238,2031,140,,20-Jan-25,
2239,2033,1017,,20-Jan-25,
2240,2035,1005,,20-Jan-25,
2241,2037,4247,,20-Jan-25,
2242,2039,1600,,20-Jan-25,
2243,2041,333,,20-Jan-25,
2244,2043,339,,20-Jan-25,
2245,2045,45,,20-Jan-25,
2246,2048,1576,,20-Jan-25,
2247,2048,1577,,20-Jan-25,
2249,2050,1070,,20-Jan-25,
2248,2050,3931,,20-Jan-25,
2250,2052,2150,,20-Jan-25,
2251,2052,2151,,20-Jan-25,
2252,2054,3241,,20-Jan-25,
2253,2056,3974,,20-Jan-25,
2254,2058,4248,,20-Jan-25,
2255,2060,4249,,20-Jan-25,
2256,2062,2058,,20-Jan-25,
2257,2064,1921,,20-Jan-25,
2258,2066,3234,,20-Jan-25,
2259,2068,2336,,20-Jan-25,
2260,2070,181,,20-Jan-25,
2261,2072,244,,20-Jan-25,
2262,2074,4250,,20-Jan-25,
2263,2076,672,,20-Jan-25,
2264,2076,722,,20-Jan-25,
2265,2076,726,,20-Jan-25,
2266,2076,3595,,20-Jan-25,
2267,2078,103,,20-Jan-25,
2268,2080,4251,,20-Jan-25,
2269,2082,2126,,20-Jan-25,
2270,2084,311,,20-Jan-25,
2271,2084,312,,20-Jan-25,
2275,2085,1299,,20-Jan-25,
2272,2085,4252,,20-Jan-25,
2273,2085,4253,,20-Jan-25,
2274,2085,4254,,20-Jan-25,
2276,2087,3016,,20-Jan-25,
2279,2089,2602,,20-Jan-25,
2281,2089,2607,,20-Jan-25,
2280,2089,2608,,20-Jan-25,
2278,2089,2609,,20-Jan-25,
2282,2089,2611,,20-Jan-25,
2277,2089,2613,,20-Jan-25,
2283,2091,188,,20-Jan-25,
2284,2097,3285,,20-Jan-25,
2285,2100,131,,20-Jan-25,
2286,2100,3238,,20-Jan-25,
2287,2102,3288,,20-Jan-25,
2288,2104,1860,,20-Jan-25,
2289,2106,1543,,20-Jan-25,
2290,2108,87,,20-Jan-25,
2291,2110,197,,20-Jan-25,
2292,2112,1374,,20-Jan-25,
2293,2112,1542,,20-Jan-25,
2294,2114,1385,,20-Jan-25,
2295,2116,873,,20-Jan-25,
2296,2118,874,,20-Jan-25,
2297,2120,3161,,20-Jan-25,
2299,2122,2917,,20-Jan-25,
2298,2122,3277,,20-Jan-25,
2300,2124,2291,,20-Jan-25,
2301,2126,2615,,20-Jan-25,
2302,2126,2634,,20-Jan-25,
2303,2126,2635,,20-Jan-25,
2304,2127,2186,,20-Jan-25,
2305,2129,3262,,20-Jan-25,
2306,2129,3265,,20-Jan-25,
2307,2130,2281,,20-Jan-25,
2308,2131,215,,20-Jan-25,
2309,2131,218,,20-Jan-25,
2310,2133,2619,,20-Jan-25,
2311,2133,2624,,20-Jan-25,
2312,2133,2630,,20-Jan-25,
2313,2134,391,,20-Jan-25,
2314,2136,1376,,20-Jan-25,
2315,2138,3410,,20-Jan-25,
2316,2138,3416,,20-Jan-25,
2317,2138,3422,,20-Jan-25,
2318,2140,2428,,20-Jan-25,
2319,2142,3002,,20-Jan-25,
2320,2144,112,,20-Jan-25,
2321,2146,1603,,20-Jan-25,
2322,2148,2063,,20-Jan-25,
2388,2150,3141,,21-Jan-25,
2323,2150,3142,,20-Jan-25,
2324,2150,3143,,20-Jan-25,
2325,2150,3144,,20-Jan-25,
2389,2152,3145,,21-Jan-25,
2326,2152,3146,,20-Jan-25,
2327,2152,3147,,20-Jan-25,
2328,2152,3148,,20-Jan-25,
2329,2154,818,,20-Jan-25,
2330,2154,819,,20-Jan-25,
2331,2154,831,,20-Jan-25,
2332,2156,2619,,20-Jan-25,
2333,2156,2624,,20-Jan-25,
2334,2156,2630,,20-Jan-25,
2527,2159,1861,,23-Jan-25,
2335,2161,2436,,20-Jan-25,
2336,2162,2770,,20-Jan-25,
2337,2164,4257,,20-Jan-25,
2338,2166,2015,,20-Jan-25,
2339,2168,272,,20-Jan-25,
2340,2169,3158,,20-Jan-25,
2342,2171,2639,,20-Jan-25,
2341,2171,2640,,20-Jan-25,
2343,2175,1447,,20-Jan-25,
2344,2175,1448,,20-Jan-25,
2345,2177,1616,,20-Jan-25,
2346,2178,2650,,20-Jan-25,
2347,2180,1828,,20-Jan-25,
2348,2182,2654,,20-Jan-25,
2349,2182,2657,,20-Jan-25,
2350,2182,2919,,20-Jan-25,
2351,2182,2921,,20-Jan-25,
2352,2183,3202,,20-Jan-25,
2353,2186,110,,20-Jan-25,
2354,2188,2271,,20-Jan-25,
2355,2190,2659,,20-Jan-25,
2356,2190,2920,,20-Jan-25,
2357,2190,2921,,20-Jan-25,
2358,2192,111,,20-Jan-25,
2359,2194,1032,,20-Jan-25,
2360,2196,232,,20-Jan-25,
2361,2198,2424,,20-Jan-25,
2362,2198,4222,,20-Jan-25,
2363,2200,394,,20-Jan-25,
2364,2202,1892,,20-Jan-25,
2365,2203,1549,,20-Jan-25,
2366,2205,179,,20-Jan-25,
2367,2207,1833,,20-Jan-25,
2368,2209,1468,,20-Jan-25,
2371,2214,3603,,20-Jan-25,
2373,2216,3621,,20-Jan-25,
2374,2216,3622,,20-Jan-25,
2375,2218,3683,,20-Jan-25,
2391,2219,4258,,21-Jan-25,
2376,2220,4033,,20-Jan-25,
2377,2224,2016,,20-Jan-25,
2378,2226,3684,,20-Jan-25,
2379,2227,3716,,20-Jan-25,
2380,2229,1010,,20-Jan-25,
2382,2232,4074,,20-Jan-25,
2384,2232,4259,,20-Jan-25,
2432,2237,309,,22-Jan-25,
2447,2238,1861,,22-Jan-25,
2448,2239,1861,,22-Jan-25,
2451,2241,397,,22-Jan-25,
2507,2247,3639,,22-Jan-25,
2521,2250,1504,,22-Jan-25,
2522,2251,3252,,22-Jan-25,
2523,2251,3253,,22-Jan-25,
2526,2252,840,,23-Jan-25,
2530,2253,542,,23-Jan-25,
2533,2254,33,,23-Jan-25,
2532,2254,3055,,23-Jan-25,専用
2531,2254,3058,,23-Jan-25,
2535,2255,283,,23-Jan-25,下
2534,2255,3401,,23-Jan-25,
2536,2258,4281,,23-Jan-25,
2539,2260,1152,,23-Jan-25,
2540,2260,1153,,23-Jan-25,
2541,2260,1154,,23-Jan-25,
2542,2260,1155,,23-Jan-25,
2543,2260,1156,,23-Jan-25,
2544,2260,1157,,23-Jan-25,
2538,2260,1158,,23-Jan-25,
2537,2260,3726,,23-Jan-25,
2545,2261,3220,,23-Jan-25,
2546,2263,3057,,23-Jan-25,
2547,2265,3057,,23-Jan-25,
2548,2267,176,,23-Jan-25,
2549,2267,177,,23-Jan-25,
2550,2269,3534,,23-Jan-25,
2551,2271,899,,23-Jan-25,
2552,2273,3542,,23-Jan-25,
2553,2275,4282,,23-Jan-25,S
2554,2277,54,,23-Jan-25,
2555,2279,2069,,23-Jan-25,
2556,2281,151,,23-Jan-25,
2557,2282,3530,,23-Jan-25,
2559,2284,555,,23-Jan-25,OK
2558,2284,3538,,23-Jan-25,
2560,2285,1800,,23-Jan-25,
2561,2287,1799,,23-Jan-25,
2562,2289,900,,23-Jan-25,
2563,2291,1804,,23-Jan-25,
2564,2291,1805,,23-Jan-25,
2565,2292,1712,,23-Jan-25,
2566,2294,621,,23-Jan-25,
2567,2296,2322,,23-Jan-25,
2569,2296,2323,,23-Jan-25,
2570,2296,2324,,23-Jan-25,
2571,2296,2325,,23-Jan-25,
2572,2296,2326,,23-Jan-25,
2568,2296,2327,,23-Jan-25,
2573,2298,963,,23-Jan-25,
2574,2300,3522,,23-Jan-25,
2575,2302,2071,,23-Jan-25,
2576,2304,622,,23-Jan-25,
2577,2305,3129,,23-Jan-25,
2578,2307,3521,,23-Jan-25,
2579,2309,2225,,23-Jan-25,
2582,2311,625,,23-Jan-25,
2583,2311,626,,23-Jan-25,
2584,2311,627,,23-Jan-25,
2580,2311,4283,,23-Jan-25,
2581,2311,4284,,23-Jan-25,
2585,2315,1583,,23-Jan-25,
2586,2317,902,,23-Jan-25,
2587,2317,917,,23-Jan-25,
2588,2319,3854,,23-Jan-25,
2589,2321,2224,,23-Jan-25,
2590,2323,4285,,23-Jan-25,
2591,2325,176,,23-Jan-25,
2592,2325,177,,23-Jan-25,
2593,2327,1006,,23-Jan-25,
2595,2329,288,,23-Jan-25,
2594,2329,289,,23-Jan-25,
2596,2331,42,,23-Jan-25,
2597,2331,3629,,23-Jan-25,
2598,2333,4217,,23-Jan-25,
2599,2333,4286,,23-Jan-25,
2600,2335,1766,,23-Jan-25,
2601,2337,2226,,23-Jan-25,
2602,2338,3797,,23-Jan-25,
2603,2340,3989,,23-Jan-25,
2604,2342,3525,,23-Jan-25,
2606,2344,2050,,23-Jan-25,
2610,2347,3742,,23-Jan-25,
2609,2347,4068,,23-Jan-25,
2612,2352,4288,,24-Jan-25,
2613,2352,4289,,24-Jan-25,
2614,2353,4290,,24-Jan-25,
2615,2355,1700,,24-Jan-25,
2616,2355,1701,,24-Jan-25,
2620,2360,1853,,24-Jan-25,
2623,2361,1473,,24-Jan-25,
2626,2362,1342,,24-Jan-25,
2627,2363,3133,,24-Jan-25,
2628,2364,1393,,24-Jan-25,
2629,2366,1473,,24-Jan-25,
2633,2435,1354,,24-Jan-25,
2634,2435,1355,,24-Jan-25,
2635,2435,1356,,24-Jan-25,
2637,2439,3887,,24-Jan-25,
2636,2439,4292,,24-Jan-25,
2638,2439,4293,,24-Jan-25,
2639,2439,4294,,24-Jan-25,
2640,2439,4295,,24-Jan-25,
2641,2439,4296,,24-Jan-25,
2642,2439,4297,,24-Jan-25,
2643,2439,4298,,24-Jan-25,
2644,2439,4299,,24-Jan-25,
2645,2439,4300,,24-Jan-25,
2646,2441,4300,,24-Jan-25,
2647,2445,535,,24-Jan-25,
2648,2449,4151,,24-Jan-25,
2649,2454,4301,,24-Jan-25,
2650,2458,3281,,24-Jan-25,
2651,2458,3282,,24-Jan-25,
2652,2458,3283,,24-Jan-25,
2653,2462,3430,,24-Jan-25,
2654,2466,4302,,24-Jan-25,
2655,2471,1330,,24-Jan-25,
2656,2471,1331,,24-Jan-25,
2661,2471,2394,,24-Jan-25,
2660,2471,2395,,24-Jan-25,
2659,2471,2403,,24-Jan-25,
2663,2471,2469,,24-Jan-25,
2664,2471,2544,,24-Jan-25,
2665,2471,2690,,24-Jan-25,
2666,2471,2691,,24-Jan-25,
2657,2471,3880,,24-Jan-25,
2669,2471,3892,,24-Jan-25,
2658,2471,4303,,24-Jan-25,
2662,2471,4304,,24-Jan-25,
2667,2471,4305,,24-Jan-25,
2668,2471,4306,,24-Jan-25,
2670,2475,33,,24-Jan-25,
2671,2479,2162,,24-Jan-25,
2672,2483,4112,,24-Jan-25,
2673,2487,621,,24-Jan-25,
2674,2492,2885,,24-Jan-25,
2675,2493,1685,,24-Jan-25,
2676,2493,1686,,24-Jan-25,
2677,2495,616,,24-Jan-25,
2678,2495,4307,,24-Jan-25,
2679,2497,712,,24-Jan-25,
2680,2498,302,,24-Jan-25,
2681,2503,1861,,24-Jan-25,
2682,2506,4124,,24-Jan-25,
2683,2510,4308,,24-Jan-25,
2684,2514,281,,24-Jan-25,
2685,2518,4309,,24-Jan-25,
2686,2522,1074,,24-Jan-25,
2687,2526,2045,,24-Jan-25,
2688,2526,2046,,24-Jan-25,
2689,2530,2878,,24-Jan-25,
2690,2535,3807,,24-Jan-25,
2692,2541,4310,,24-Jan-25,
2691,2541,4311,,24-Jan-25,
2693,2545,286,,24-Jan-25,
2694,2549,4312,,24-Jan-25,
2695,2552,2798,,24-Jan-25,
2696,2556,287,,24-Jan-25,
2697,2560,2978,,24-Jan-25,
2699,2560,3581,,24-Jan-25,
2700,2560,3582,,24-Jan-25,
2701,2560,3584,,24-Jan-25,
2702,2560,3585,,24-Jan-25,
2703,2560,4130,,24-Jan-25,
2698,2560,4313,,24-Jan-25,
2704,2562,563,,24-Jan-25,HKS-010（２）
2705,2565,3361,,24-Jan-25,
2910,2567,3194,,15-Jul-25,
2911,2567,3195,,15-Jul-25,
2709,2571,3026,,28-Jan-25,
2710,2573,1535,,28-Jan-25,
2711,2575,178,,28-Jan-25,
2712,2577,1537,,28-Jan-25,
2713,2579,3523,,28-Jan-25,
2714,2579,4315,,28-Jan-25,
2715,2581,1251,,28-Jan-25,
2716,2583,1541,,28-Jan-25,
2717,2586,2897,,28-Jan-25,
2721,2589,2235,,28-Jan-25,
2723,2590,3494,,28-Jan-25,
2724,2592,4316,,28-Jan-25,
2725,2592,4317,,28-Jan-25,
2726,2594,953,,28-Jan-25,
2727,2596,1939,,28-Jan-25,
2728,2598,1497,,28-Jan-25,
2729,2600,1733,,28-Jan-25,
2730,2602,159,,28-Jan-25,
2732,2604,407,,28-Jan-25,
2734,2606,189,,28-Jan-25,
2736,2608,2359,,28-Jan-25,
2737,2608,2361,,28-Jan-25,
2738,2608,2364,,28-Jan-25,
2739,2608,2365,,28-Jan-25,
2740,2609,837,,28-Jan-25,
2741,2611,946,,28-Jan-25,
2742,2613,2328,,28-Jan-25,
2743,2615,3201,,28-Jan-25,
2744,2618,3162,,28-Jan-25,
2745,2622,1980,,28-Jan-25,
2746,2624,3488,,28-Jan-25,
2748,2627,807,,28-Jan-25,
2747,2627,808,,28-Jan-25,
2749,2629,2319,,28-Jan-25,
2750,2632,4319,,28-Jan-25,
2751,2636,4320,,28-Jan-25,
2752,2640,3915,,28-Jan-25,
2753,2644,3896,,28-Jan-25,
2754,2648,276,,28-Jan-25,
2755,2652,3916,,28-Jan-25,
2756,2656,3763,,28-Jan-25,
2759,2661,4321,,28-Jan-25,
2760,2665,1687,,28-Jan-25,
2761,2669,3904,,28-Jan-25,
2762,2669,3906,,28-Jan-25,
2763,2673,280,,28-Jan-25,
2782,2716,3103,,28-Jan-25,
2783,2717,964,,28-Jan-25,
2784,2719,616,,28-Jan-25,
2785,2722,1948,,28-Jan-25,
2786,2723,1352,,28-Jan-25,
2787,2725,1861,,28-Jan-25,
2790,2729,1435,,28-Jan-25,
2789,2729,4325,,28-Jan-25,
2791,2737,1861,,28-Jan-25,
2792,2745,1321,,28-Jan-25,
2793,2745,1322,,28-Jan-25,
2794,2749,1807,,28-Jan-25,
2797,2764,4326,,28-Jan-25,
2798,2764,4327,,28-Jan-25,
2801,2779,2076,,28-Jan-25,
2802,2779,2080,,28-Jan-25,
2803,2779,4328,,28-Jan-25,
2804,2780,4330,,28-Jan-25,
2805,2785,4331,,28-Jan-25,
2806,2786,4332,,28-Jan-25,
2807,2790,4333,,28-Jan-25,
2808,2792,3118,,28-Jan-25,
2809,2792,3120,,28-Jan-25,
2810,2794,4269,,28-Jan-25,
2813,2797,1022,,28-Jan-25,
2814,2797,1023,,28-Jan-25,
2815,2797,1024,,28-Jan-25,
2811,2797,2230,,28-Jan-25,
2816,2800,992,,28-Jan-25,
2817,2804,993,,28-Jan-25,
2818,2810,1414,,28-Jan-25,
2819,2814,4198,,28-Jan-25,
2820,2818,4167,,28-Jan-25,
2821,2822,3175,,28-Jan-25,
2822,2826,1085,,28-Jan-25,
2823,2831,1861,,28-Jan-25,
2824,2835,4165,,28-Jan-25,
2825,2839,4335,,28-Jan-25,
2826,2843,4336,,28-Jan-25,
2827,2847,1084,,28-Jan-25,
2828,2851,3192,,28-Jan-25,
2829,2855,4175,,28-Jan-25,
2830,2893,990,,28-Jan-25,
2831,2897,50,,28-Jan-25,
2832,2903,230,,28-Jan-25,
2833,2907,4337,,28-Jan-25,
2834,2912,4338,,28-Jan-25,
2835,2919,63,,28-Jan-25,
2836,2923,1586,,28-Jan-25,
2837,2929,4188,,28-Jan-25,
2838,2933,4139,,28-Jan-25,
2839,2937,1557,,28-Jan-25,
2840,2937,1558,,28-Jan-25,
2841,2937,1559,,28-Jan-25,
2842,2937,1560,,28-Jan-25,
2843,2941,1557,,28-Jan-25,
2844,2941,1558,,28-Jan-25,
2845,2941,1559,,28-Jan-25,
2846,2941,1560,,28-Jan-25,
2847,2947,3173,,28-Jan-25,
2848,2951,885,,28-Jan-25,
2849,2955,39,,28-Jan-25,
2850,2962,260,,28-Jan-25,
2852,2965,4282,,28-Jan-25,
2853,2967,1861,,28-Jan-25,
2854,2971,4339,,28-Jan-25,
2856,2975,3102,,28-Jan-25,
2858,2978,4340,,28-Jan-25,
2859,2982,4068,,28-Jan-25,
2860,2984,2757,,28-Jan-25,
2861,2988,2407,,28-Jan-25,
2862,2992,1861,,28-Jan-25,
2863,2996,984,,28-Jan-25,
2864,3000,4126,,28-Jan-25,
2865,3004,2049,,28-Jan-25,
2866,3004,2050,,28-Jan-25,
2867,3008,1958,,28-Jan-25,
2868,3012,4113,,28-Jan-25,
2869,3015,1075,,28-Jan-25,
2870,3017,2127,,28-Jan-25,
2871,3019,4099,,29-Jan-25,
2876,3020,603,,10-Apr-25,
2877,3021,1731,,10-Apr-25,
2878,3022,4401,,17-Apr-25,
2885,3024,4455,,27-Jun-25,
2886,3024,4456,,27-Jun-25,
2888,3025,4458,,12-Jul-25,
2889,3025,4459,,12-Jul-25,
2890,3025,4460,,12-Jul-25,
2891,3025,4461,,12-Jul-25,
2894,3025,4462,,12-Jul-25,
2895,3025,4463,,12-Jul-25,
2893,3025,4465,,12-Jul-25,
2892,3025,4466,,12-Jul-25,
2897,3026,1278,,12-Jul-25,
2898,3026,1807,,12-Jul-25,
2900,3027,4359,,12-Jul-25,
2903,3028,4419,,12-Jul-25,
2904,3029,4428,,12-Jul-25,
2905,3030,4443,,12-Jul-25,
2906,3030,4444,,12-Jul-25,
2907,3033,4428,,12-Jul-25,
2908,3033,4449,,12-Jul-25,
2916,3036,4534,,18-Jul-25,
